gab,gh,gbb,gso,gslg,ghbp,gsf,gip,ger,hab,hh,hbb,hso,hslg,hhbp,hsf,hip,her,url
34,6,1,10,.265,0,0,8,4,29,7,1,9,.414,0,2,9,2,/boxes/BAL/BAL201504140.shtml
34,11,2,11,.588,0,1,9,1,30,3,1,9,.233,0,0,9,7,/boxes/HOU/HOU201505050.shtml
39,10,2,13,.333,0,0,8,5,35,10,6,6,.343,2,0,9,2,/boxes/SEA/SEA201505090.shtml
42,17,2,6,.619,0,0,9,6,35,9,5,7,.371,0,0,9,8,/boxes/SFN/SFN201506260.shtml
37,12,2,5,.432,0,1,8,13,39,16,4,3,.769,1,1,9,4,/boxes/TOR/TOR201504210.shtml
39,11,6,7,.333,0,0,9,2,32,5,3,10,.156,0,0,9,6,/boxes/PHI/PHI201504090.shtml
33,7,4,2,.485,0,0,9,3,32,8,4,4,.344,0,0,9,6,/boxes/TOR/TOR201505100.shtml
33,8,0,8,.273,0,0,8,7,34,12,2,4,.735,1,1,9,0,/boxes/NYN/NYN201505270.shtml
27,5,3,7,.185,0,0,8,1,26,5,4,6,.231,0,0,9,0,/boxes/SDN/SDN201504100.shtml
34,10,1,3,.353,0,0,8,5,32,9,3,3,.406,1,0,9,2,/boxes/COL/COL201505232.shtml
35,9,2,7,.257,0,0,9,0,32,5,1,9,.156,0,0,9,2,/boxes/MIN/MIN201505050.shtml
33,9,4,9,.424,1,1,9,3,33,10,2,10,.515,1,1,9,4,/boxes/ARI/ARI201507010.shtml
34,9,0,4,.441,0,0,9,2,34,8,2,7,.353,0,0,9,4,/boxes/BOS/BOS201505020.shtml
33,11,6,6,.455,0,2,9,3,35,9,2,11,.400,1,0,9,5,/boxes/TBA/TBA201504190.shtml
34,8,2,11,.559,1,0,9,2,32,8,3,8,.406,0,0,9,5,/boxes/TBA/TBA201504060.shtml
38,11,2,6,.289,0,0,8.2,1,36,8,3,6,.250,0,0,9,2,/boxes/TEX/TEX201505310.shtml
32,7,2,4,.250,0,0,8,2,30,7,1,4,.333,1,0,9,1,/boxes/MIN/MIN201505260.shtml
31,4,1,9,.323,0,0,8,4,30,9,4,2,.433,2,0,9,2,/boxes/TBA/TBA201506230.shtml
41,14,3,9,.585,0,0,9,0,30,4,2,5,.133,1,0,9,8,/boxes/NYN/NYN201505200.shtml
32,8,2,9,.375,1,1,9,2,36,9,3,14,.389,0,0,9,3,/boxes/SEA/SEA201505130.shtml
29,6,3,6,.310,1,0,9,0,33,6,2,8,.182,0,0,9,2,/boxes/MIA/MIA201504080.shtml
36,9,2,9,.389,0,0,8,5,31,11,2,3,.548,1,0,9,2,/boxes/CIN/CIN201506210.shtml
30,4,5,8,.167,0,0,9,0,30,3,1,9,.133,0,0,9,1,/boxes/NYN/NYN201506300.shtml
34,9,3,5,.559,0,1,9,2,32,6,4,9,.219,0,0,9,6,/boxes/CIN/CIN201506050.shtml
32,5,4,10,.250,0,0,8,3,31,8,5,5,.452,0,1,9,1,/boxes/OAK/OAK201507010.shtml
32,7,4,4,.406,0,0,9,1,31,8,2,5,.290,0,1,9,2,/boxes/SEA/SEA201504170.shtml
38,12,1,6,.526,0,0,9,2,35,10,0,6,.314,0,0,9,4,/boxes/BAL/BAL201505200.shtml
50,18,7,7,.500,0,1,12,3,40,5,6,11,.175,0,1,12,6,/boxes/SEA/SEA201505310.shtml
31,5,0,6,.161,0,0,8,4,31,10,2,6,.613,0,1,9,0,/boxes/DET/DET201504060.shtml
34,7,0,6,.294,0,0,8,15,41,19,4,5,.756,1,0,9,2,/boxes/TEX/TEX201506020.shtml
33,6,3,7,.424,0,0,8.1,4,34,10,4,10,.382,0,0,9,3,/boxes/CHA/CHA201504200.shtml
33,6,3,7,.303,2,0,9,1,30,3,6,9,.133,0,0,9,2,/boxes/WAS/WAS201505050.shtml
33,8,6,10,.515,0,1,9,5,35,7,1,9,.486,0,0,9,10,/boxes/SDN/SDN201505170.shtml
34,7,3,11,.500,0,0,9,1,29,2,2,4,.138,1,0,9,6,/boxes/TBA/TBA201506300.shtml
33,6,1,11,.182,1,0,9,0,31,5,5,4,.258,0,0,9,1,/boxes/OAK/OAK201505130.shtml
26,2,2,6,.115,0,0,8.1,0,32,8,2,2,.250,0,0,9,0,/boxes/PHI/PHI201504240.shtml
32,8,2,5,.313,0,0,8,4,32,8,7,10,.281,0,0,9,1,/boxes/DET/DET201504250.shtml
40,11,4,7,.375,0,1,9,2,38,12,1,1,.500,0,0,9,5,/boxes/BOS/BOS201506040.shtml
31,7,6,8,.258,0,0,8,4,31,8,2,5,.355,1,0,9,2,/boxes/KCA/KCA201504190.shtml
35,9,4,5,.400,0,0,8,5,37,12,5,2,.541,0,0,9,1,/boxes/NYN/NYN201504150.shtml
34,9,3,10,.441,0,0,8,11,38,17,6,6,.553,0,1,9,7,/boxes/CIN/CIN201506290.shtml
33,7,3,4,.242,0,0,9,1,31,5,0,3,.258,0,0,9,2,/boxes/KCA/KCA201505020.shtml
35,7,2,6,.257,0,1,8,4,29,9,6,7,.655,0,0,9,1,/boxes/CHA/CHA201506100.shtml
35,9,5,4,.400,2,0,9,2,33,8,4,6,.424,0,1,9,3,/boxes/BOS/BOS201505010.shtml
42,10,0,14,.262,0,0,10.1,2,35,8,2,8,.286,0,1,11,1,/boxes/ANA/ANA201505130.shtml
29,6,6,11,.207,0,0,8,8,35,14,2,1,.686,0,1,9,2,/boxes/CHA/CHA201505092.shtml
47,11,3,7,.255,1,0,12.2,1,49,13,5,12,.286,0,0,13,0,/boxes/PIT/PIT201506120.shtml
38,11,1,5,.500,0,0,8,5,33,10,0,9,.606,1,0,9,4,/boxes/BAL/BAL201505270.shtml
31,5,2,10,.194,0,0,8,9,34,10,1,5,.500,0,0,9,3,/boxes/LAN/LAN201506080.shtml
37,13,3,3,.486,1,1,9,5,36,11,4,7,.417,1,0,9,8,/boxes/MIL/MIL201506150.shtml
32,6,5,11,.313,1,1,8,4,31,7,0,8,.516,0,0,9,3,/boxes/MIL/MIL201505040.shtml
37,9,5,3,.324,0,0,9,4,31,5,2,11,.290,0,1,9,4,/boxes/NYA/NYA201504110.shtml
33,6,1,6,.364,0,0,9,1,31,4,1,6,.290,1,0,9,4,/boxes/PIT/PIT201506090.shtml
31,7,1,10,.226,0,1,8,14,39,16,3,9,.744,0,0,9,1,/boxes/NYN/NYN201505160.shtml
35,9,2,9,.343,2,0,9,6,38,12,8,7,.500,0,0,9,2,/boxes/OAK/OAK201505150.shtml
34,9,5,7,.324,0,1,8,4,30,7,6,5,.433,0,0,9,4,/boxes/COL/COL201506250.shtml
32,6,1,10,.313,0,0,8,4,32,9,3,9,.375,0,0,9,2,/boxes/TBA/TBA201504250.shtml
40,9,4,12,.375,1,0,10,4,36,8,3,11,.361,1,0,10,2,/boxes/CHN/CHN201506120.shtml
35,9,8,7,.400,0,0,9,0,30,4,3,9,.133,1,0,9,6,/boxes/CHN/CHN201506160.shtml
35,10,4,5,.429,0,0,9,2,35,8,2,3,.400,0,0,9,3,/boxes/CLE/CLE201506090.shtml
33,8,1,10,.303,0,0,8,2,29,5,3,13,.276,1,0,9,1,/boxes/TBA/TBA201506140.shtml
38,12,4,8,.368,1,0,9,1,29,2,0,10,.172,0,0,9,8,/boxes/HOU/HOU201505120.shtml
33,6,3,9,.364,1,0,8,7,35,13,5,6,.514,0,0,9,4,/boxes/BAL/BAL201505190.shtml
41,13,4,10,.463,0,0,10,3,38,10,4,13,.553,0,0,10,4,/boxes/SLN/SLN201505160.shtml
43,10,1,13,.349,0,0,10.1,7,43,12,8,12,.442,0,0,11,6,/boxes/CHN/CHN201504180.shtml
34,10,3,9,.324,1,1,9,1,30,4,4,7,.233,0,0,9,5,/boxes/MIA/MIA201506250.shtml
37,11,3,8,.595,0,0,9,4,35,8,2,15,.457,0,0,9,5,/boxes/CHN/CHN201505290.shtml
33,7,2,8,.273,0,0,9,2,31,5,5,9,.258,0,0,9,3,/boxes/CHN/CHN201504140.shtml
47,11,3,8,.468,1,0,12,6,46,11,6,10,.370,0,0,12,7,/boxes/SFN/SFN201504160.shtml
37,8,2,5,.378,0,0,9,1,36,7,2,8,.194,0,0,9,6,/boxes/ARI/ARI201504210.shtml
40,10,1,6,.275,0,1,10.2,2,35,6,6,7,.229,0,1,11,1,/boxes/WAS/WAS201506240.shtml
39,12,1,10,.615,0,0,8,10,38,17,5,7,.658,0,0,9,6,/boxes/TOR/TOR201505180.shtml
38,9,2,11,.316,0,0,10,4,36,7,2,5,.389,1,0,11,3,/boxes/CHA/CHA201506050.shtml
33,10,3,6,.485,0,0,7.1,2,26,4,5,6,.269,0,0,8,6,/boxes/KCA/KCA201506040.shtml
38,15,3,3,.737,0,1,9,1,35,8,3,13,.314,1,0,9,13,/boxes/DET/DET201504240.shtml
40,15,3,10,.675,1,0,9,4,36,9,2,8,.278,0,0,9,9,/boxes/SDN/SDN201505280.shtml
33,8,2,8,.424,2,0,8,5,30,10,4,7,.433,0,2,9,4,/boxes/ATL/ATL201506200.shtml
36,9,2,9,.361,0,0,8,3,33,12,1,3,.424,0,0,9,1,/boxes/WAS/WAS201506230.shtml
36,9,1,4,.361,1,0,8.1,8,36,14,4,11,.694,0,0,9,6,/boxes/WAS/WAS201505090.shtml
32,4,0,9,.219,0,0,8,4,31,7,3,8,.355,0,1,9,1,/boxes/NYA/NYA201505260.shtml
44,18,1,6,.614,2,0,9,8,39,14,4,5,.615,0,1,9,11,/boxes/NYA/NYA201506220.shtml
33,11,4,6,.364,1,0,9,1,35,7,3,16,.400,0,0,9,4,/boxes/SDN/SDN201506120.shtml
35,10,1,8,.371,1,1,9,3,35,10,3,7,.343,1,1,9,5,/boxes/TOR/TOR201506200.shtml
33,10,2,6,.364,0,0,9,1,29,2,1,13,.207,0,0,9,4,/boxes/SEA/SEA201506220.shtml
31,7,1,4,.290,0,0,8.2,2,31,5,0,11,.290,0,0,9,1,/boxes/SEA/SEA201505150.shtml
49,11,5,11,.347,0,0,12.1,5,48,12,5,9,.458,0,0,13,4,/boxes/ARI/ARI201505220.shtml
31,5,3,7,.355,0,0,8,6,35,13,2,5,.514,0,0,9,3,/boxes/BOS/BOS201506031.shtml
32,6,3,6,.281,0,1,9,1,29,4,3,6,.241,0,1,9,3,/boxes/TOR/TOR201505190.shtml
29,2,5,12,.172,0,0,8,3,27,8,5,6,.407,0,0,9,1,/boxes/SLN/SLN201505310.shtml
31,4,1,9,.129,0,0,8,7,35,12,1,2,.600,0,0,9,0,/boxes/SFN/SFN201505280.shtml
31,6,3,7,.355,1,0,8,5,32,10,4,7,.438,0,0,9,2,/boxes/DET/DET201505200.shtml
35,7,5,14,.257,0,0,9,4,33,7,1,9,.364,0,0,9,5,/boxes/TBA/TBA201505070.shtml
34,7,0,10,.382,0,0,8,3,29,7,1,5,.345,0,0,9,2,/boxes/NYN/NYN201505050.shtml
34,7,4,4,.294,0,0,9,3,35,9,3,9,.343,0,0,9,3,/boxes/WAS/WAS201504180.shtml
34,10,5,6,.382,0,0,8.2,4,34,11,7,4,.382,0,1,9,2,/boxes/CHA/CHA201505100.shtml
29,6,2,12,.345,0,0,8,2,27,7,8,9,.333,0,0,9,1,/boxes/CLE/CLE201506060.shtml
30,7,7,3,.367,1,0,8,5,32,8,3,8,.438,0,2,9,5,/boxes/ARI/ARI201504220.shtml
45,7,4,13,.222,1,0,13,2,43,7,3,16,.302,1,0,13,3,/boxes/NYA/NYA201504290.shtml
33,9,0,8,.364,0,1,8,2,27,4,4,6,.222,0,0,9,1,/boxes/CLE/CLE201505230.shtml
28,1,0,19,.036,1,0,8,2,29,7,6,3,.276,2,0,9,0,/boxes/CLE/CLE201505130.shtml
31,4,2,3,.129,0,0,8,3,32,10,3,8,.500,3,0,9,0,/boxes/PIT/PIT201506160.shtml
30,6,1,5,.267,0,0,8,4,30,8,2,12,.433,1,0,9,0,/boxes/NYN/NYN201505010.shtml
31,7,4,8,.290,0,0,8,8,34,13,6,4,.500,0,0,9,1,/boxes/SLN/SLN201506270.shtml
36,10,4,12,.389,0,1,8,7,33,12,2,2,.545,3,1,9,3,/boxes/SLN/SLN201505050.shtml
35,10,3,6,.429,0,0,8,6,34,11,2,9,.559,0,0,9,3,/boxes/CIN/CIN201506080.shtml
37,13,0,4,.622,1,1,8,8,33,9,3,6,.788,0,0,9,6,/boxes/ANA/ANA201505300.shtml
34,10,2,10,.324,1,0,9,0,30,4,0,8,.167,0,0,9,2,/boxes/MIL/MIL201506250.shtml
37,12,2,4,.622,0,0,9,1,31,5,4,11,.290,0,0,9,7,/boxes/HOU/HOU201504130.shtml
39,13,2,11,.410,0,0,8,12,37,15,3,1,.757,0,0,9,5,/boxes/ARI/ARI201504280.shtml
35,9,3,7,.514,0,0,9,3,33,9,3,8,.364,1,0,9,5,/boxes/MIL/MIL201504250.shtml
42,9,7,9,.310,2,1,11,4,46,15,4,9,.457,1,0,11,3,/boxes/ANA/ANA201504260.shtml
31,7,5,4,.323,0,0,9,1,36,11,2,6,.389,0,0,9,5,/boxes/CLE/CLE201504300.shtml
37,10,7,4,.595,1,0,9,6,37,10,4,12,.622,0,0,9,8,/boxes/HOU/HOU201506270.shtml
34,9,1,7,.265,1,0,9,1,34,10,2,5,.441,0,0,9,4,/boxes/BOS/BOS201506150.shtml
32,6,1,6,.344,0,0,8,10,33,12,5,3,.515,0,2,9,2,/boxes/KCA/KCA201506170.shtml
39,13,0,13,.436,1,0,8,7,34,12,1,6,.706,0,1,9,5,/boxes/WAS/WAS201505060.shtml
32,6,2,8,.250,0,0,8,10,36,11,3,3,.500,2,0,9,2,/boxes/COL/COL201505240.shtml
31,8,7,6,.581,0,0,9,1,34,8,0,11,.324,0,0,9,7,/boxes/ARI/ARI201506180.shtml
28,2,0,7,.071,0,0,8,5,34,11,3,5,.500,0,0,9,0,/boxes/DET/DET201506150.shtml
37,11,0,12,.541,0,1,9,0,28,3,2,4,.107,0,0,9,4,/boxes/TOR/TOR201506270.shtml
36,8,2,7,.333,0,1,9,3,36,11,1,10,.389,0,2,9,5,/boxes/OAK/OAK201506280.shtml
28,4,3,11,.143,0,0,8,2,28,6,4,2,.214,3,1,9,2,/boxes/CHA/CHA201506200.shtml
39,8,2,18,.282,0,0,11,2,38,7,6,10,.237,0,0,11,3,/boxes/SFN/SFN201506230.shtml
43,16,4,8,.674,1,1,9,3,37,11,1,6,.351,0,0,9,11,/boxes/ANA/ANA201506230.shtml
38,12,1,7,.368,0,0,8,11,38,13,2,7,.500,0,0,9,2,/boxes/MIN/MIN201504300.shtml
36,11,7,6,.361,0,0,9,5,43,14,1,6,.419,0,0,9,6,/boxes/MIA/MIA201505220.shtml
35,9,3,4,.371,0,0,9,0,33,7,3,7,.273,0,1,9,2,/boxes/PHI/PHI201505090.shtml
38,13,5,4,.763,1,0,9,8,35,8,3,10,.571,0,0,9,11,/boxes/SDN/SDN201504250.shtml
31,7,2,5,.226,0,0,8,1,30,6,4,3,.300,0,1,9,0,/boxes/NYN/NYN201504130.shtml
38,13,4,5,.500,2,2,9,3,31,7,1,7,.387,0,1,9,10,/boxes/MIN/MIN201504130.shtml
30,3,6,8,.100,1,0,9,1,28,2,4,4,.107,0,0,9,2,/boxes/TOR/TOR201504130.shtml
38,12,6,6,.526,0,2,9,7,37,11,3,6,.514,0,0,9,9,/boxes/OAK/OAK201506190.shtml
34,7,1,13,.324,0,0,8,5,29,5,3,8,.379,0,0,9,2,/boxes/CIN/CIN201504060.shtml
32,7,2,7,.500,1,0,9,5,35,11,2,13,.486,1,0,9,6,/boxes/BAL/BAL201504130.shtml
32,10,4,5,.469,1,1,9,1,32,7,3,2,.219,0,0,9,2,/boxes/SEA/SEA201505140.shtml
41,14,3,9,.439,0,1,8,4,29,7,8,5,.621,0,0,9,4,/boxes/PIT/PIT201506230.shtml
37,12,6,11,.459,0,0,9,5,34,9,2,4,.441,1,0,9,9,/boxes/LAN/LAN201506190.shtml
36,12,8,9,.556,0,0,9,0,31,3,2,9,.097,1,0,9,11,/boxes/ATL/ATL201505220.shtml
30,5,0,6,.233,0,0,9,0,29,2,0,11,.103,0,0,9,2,/boxes/BOS/BOS201506032.shtml
38,13,2,8,.711,0,0,9,1,30,3,4,6,.100,1,0,9,8,/boxes/DET/DET201505190.shtml
35,10,2,8,.314,1,0,9,0,32,6,4,10,.219,2,0,9,3,/boxes/ATL/ATL201506070.shtml
28,5,4,8,.393,0,0,8,4,29,5,2,10,.483,0,0,9,2,/boxes/CHN/CHN201506220.shtml
30,4,1,9,.133,0,0,8,7,34,11,1,7,.618,0,1,9,0,/boxes/BAL/BAL201504290.shtml
33,10,4,7,.424,0,0,9,2,31,7,1,5,.387,0,0,9,3,/boxes/MIN/MIN201506060.shtml
35,8,3,7,.400,0,0,9.1,5,37,11,1,4,.595,1,2,10,4,/boxes/BAL/BAL201504250.shtml
38,11,4,7,.500,0,0,8,11,36,14,5,5,.722,0,0,9,7,/boxes/TOR/TOR201504150.shtml
30,3,0,9,.200,0,0,8,4,29,7,3,12,.690,1,0,9,1,/boxes/TBA/TBA201506270.shtml
34,7,1,3,.412,0,0,8,6,29,8,2,2,.483,0,0,9,4,/boxes/MIN/MIN201505270.shtml
34,9,3,11,.441,0,0,9,1,32,5,3,18,.250,0,0,9,5,/boxes/CHN/CHN201505020.shtml
33,7,2,8,.242,0,0,9,2,31,5,3,9,.387,0,0,9,4,/boxes/WAS/WAS201506060.shtml
29,4,3,9,.138,0,0,8,5,36,14,2,6,.833,0,0,9,0,/boxes/LAN/LAN201504190.shtml
33,6,2,7,.303,1,0,8,5,29,7,2,10,.379,0,2,9,1,/boxes/SLN/SLN201504170.shtml
40,6,3,14,.250,1,0,10,4,39,10,3,15,.410,0,0,11,3,/boxes/SEA/SEA201505080.shtml
37,11,2,5,.432,0,0,9,3,34,8,3,6,.441,0,0,9,5,/boxes/TOR/TOR201505050.shtml
30,3,1,10,.133,1,0,8,7,32,9,6,8,.563,1,0,9,1,/boxes/BAL/BAL201504110.shtml
39,15,4,11,.538,0,1,9,4,38,11,2,5,.474,0,0,9,8,/boxes/CIN/CIN201506300.shtml
35,11,3,5,.371,0,0,9,0,31,5,6,6,.194,2,0,9,1,/boxes/SFN/SFN201504130.shtml
36,9,2,7,.306,0,0,8,7,31,10,1,2,.387,1,2,9,1,/boxes/KCA/KCA201505200.shtml
32,6,1,9,.313,0,0,8,4,27,7,4,5,.333,2,1,9,1,/boxes/PHI/PHI201504100.shtml
36,9,6,9,.556,0,0,9,1,30,3,3,8,.133,0,0,9,8,/boxes/MIL/MIL201505050.shtml
38,12,2,8,.368,1,0,9,4,31,6,3,6,.484,0,0,9,5,/boxes/LAN/LAN201505130.shtml
35,9,0,10,.343,0,0,9,3,32,7,4,10,.500,1,0,9,5,/boxes/NYA/NYA201504090.shtml
40,17,0,4,.550,0,1,9,2,33,9,0,3,.333,0,1,9,7,/boxes/SFN/SFN201505070.shtml
32,7,1,6,.375,1,0,9,0,33,7,3,8,.273,0,0,9,1,/boxes/SEA/SEA201506050.shtml
35,8,1,10,.400,1,0,9,3,31,4,3,9,.194,2,0,9,5,/boxes/ATL/ATL201505190.shtml
33,7,4,9,.242,0,0,9,0,28,3,3,4,.107,0,0,9,2,/boxes/BAL/BAL201507020.shtml
44,12,5,7,.341,1,0,10.2,2,33,6,4,6,.212,0,1,11,1,/boxes/SLN/SLN201505020.shtml
30,3,3,13,.167,0,0,8,4,28,4,5,11,.357,0,0,9,0,/boxes/HOU/HOU201504180.shtml
46,21,1,9,.804,0,0,9,3,39,11,0,5,.436,1,0,9,9,/boxes/DET/DET201507010.shtml
38,10,6,8,.395,0,0,9.1,10,40,13,6,8,.425,1,0,10,9,/boxes/MIA/MIA201504100.shtml
43,11,3,6,.442,0,0,11,4,40,8,3,10,.300,2,0,11,5,/boxes/NYA/NYA201506100.shtml
31,5,4,9,.290,0,0,8,6,36,12,2,3,.583,0,0,9,3,/boxes/COL/COL201506021.shtml
36,10,3,12,.417,0,0,8,5,26,4,4,3,.385,0,1,9,4,/boxes/CIN/CIN201504100.shtml
29,3,6,11,.172,0,0,9,1,29,3,2,10,.207,0,1,9,2,/boxes/DET/DET201504230.shtml
40,11,2,7,.350,0,0,9,3,32,7,4,9,.438,0,0,9,4,/boxes/LAN/LAN201504070.shtml
42,16,5,9,.619,0,0,9,9,36,12,6,8,.694,0,0,9,13,/boxes/TOR/TOR201506210.shtml
27,3,5,7,.148,0,0,8,3,30,8,3,8,.400,1,1,9,2,/boxes/ANA/ANA201504240.shtml
41,16,10,10,.683,0,1,9,4,38,11,4,8,.395,0,0,9,12,/boxes/PHI/PHI201506190.shtml
31,7,1,10,.290,0,0,8,5,31,10,2,9,.387,0,1,9,2,/boxes/BAL/BAL201506100.shtml
34,8,3,9,.265,0,0,8,2,27,5,1,6,.444,0,0,9,1,/boxes/ARI/ARI201505100.shtml
33,10,4,6,.485,0,0,8,6,33,11,4,6,.636,0,0,9,4,/boxes/HOU/HOU201505190.shtml
36,10,3,5,.472,0,0,8,7,31,11,3,3,.581,2,1,9,4,/boxes/KCA/KCA201506200.shtml
35,10,2,4,.343,0,0,8,5,35,11,1,7,.429,0,0,9,2,/boxes/CIN/CIN201506100.shtml
33,6,5,14,.212,1,0,8,4,30,8,2,9,.367,0,0,9,2,/boxes/CLE/CLE201504150.shtml
33,6,1,8,.273,0,0,8,2,28,6,2,6,.357,0,0,9,1,/boxes/WAS/WAS201505220.shtml
36,12,2,6,.500,0,0,9,1,36,12,1,7,.333,0,1,9,6,/boxes/COL/COL201506050.shtml
42,9,3,14,.429,0,0,11,3,38,8,4,16,.289,0,1,11,7,/boxes/CIN/CIN201504240.shtml
35,9,3,5,.343,0,0,8,5,34,10,3,2,.471,0,0,9,2,/boxes/SLN/SLN201504180.shtml
35,7,0,11,.257,0,0,8,6,35,10,3,6,.486,1,0,9,2,/boxes/WAS/WAS201504170.shtml
35,10,4,5,.314,1,0,8,5,30,8,3,6,.533,0,1,9,4,/boxes/NYA/NYA201505080.shtml
39,14,0,1,.487,0,0,8,4,33,11,5,7,.394,0,0,9,4,/boxes/DET/DET201505080.shtml
42,17,5,6,.667,0,1,9,3,34,7,2,7,.324,0,0,9,12,/boxes/DET/DET201504180.shtml
39,12,7,10,.538,0,0,8,10,33,11,4,6,.485,1,1,9,8,/boxes/SLN/SLN201505040.shtml
30,5,2,10,.267,0,0,9,0,28,2,0,3,.071,1,0,9,1,/boxes/PIT/PIT201504150.shtml
38,11,2,7,.395,0,0,9,1,30,4,2,9,.133,1,1,9,2,/boxes/CIN/CIN201505110.shtml
33,6,3,5,.273,0,0,8,6,35,12,4,8,.514,0,0,9,3,/boxes/BOS/BOS201505230.shtml
46,19,3,7,.630,0,0,9,6,39,14,8,6,.538,0,0,9,12,/boxes/TOR/TOR201507020.shtml
34,10,2,7,.441,1,1,9,3,35,9,1,9,.486,1,0,9,4,/boxes/SEA/SEA201504080.shtml
34,11,1,7,.500,0,1,9,2,33,7,4,6,.242,0,0,9,5,/boxes/CLE/CLE201506050.shtml
31,5,0,8,.258,0,1,8,6,34,11,2,6,.618,0,1,9,1,/boxes/NYA/NYA201504240.shtml
32,6,3,5,.313,0,0,8,17,39,17,8,7,1.103,1,1,9,3,/boxes/BAL/BAL201506160.shtml
36,7,4,9,.306,0,0,9.1,3,41,13,2,5,.439,0,0,10,2,/boxes/PHI/PHI201504110.shtml
38,12,4,12,.474,0,0,8,7,32,12,2,6,.594,0,1,9,5,/boxes/ATL/ATL201505060.shtml
41,12,2,6,.659,1,1,10,6,37,14,3,6,.486,0,2,10,6,/boxes/TEX/TEX201505120.shtml
32,7,1,8,.219,2,0,8,4,32,9,3,1,.469,0,0,9,2,/boxes/TBA/TBA201506100.shtml
33,8,1,5,.333,1,1,9,1,32,6,1,6,.313,0,0,9,3,/boxes/CIN/CIN201504110.shtml
32,6,3,6,.313,0,0,8,7,34,11,5,6,.676,0,0,9,3,/boxes/ANA/ANA201506010.shtml
30,5,3,7,.233,1,0,8,8,34,9,8,10,.588,0,0,9,2,/boxes/TEX/TEX201505110.shtml
36,10,1,6,.333,0,0,8,6,33,10,5,1,.515,0,0,9,5,/boxes/KCA/KCA201504210.shtml
17,5,4,3,.353,1,1,5,0,18,6,1,1,.389,1,0,5.1,2,/boxes/COL/COL201505080.shtml
32,2,1,9,.063,0,0,8,2,30,8,3,5,.300,0,0,9,0,/boxes/SFN/SFN201505040.shtml
71,18,8,15,.310,2,1,19,5,67,14,6,13,.358,1,1,19,5,/boxes/NYA/NYA201504100.shtml
34,8,1,13,.412,1,0,8,1,31,6,2,7,.194,0,0,9,3,/boxes/CHA/CHA201504260.shtml
35,9,1,8,.343,0,1,8,4,30,8,4,3,.300,0,0,9,2,/boxes/PIT/PIT201506130.shtml
34,6,4,4,.265,0,0,9.1,3,36,11,4,7,.389,2,0,10,2,/boxes/PIT/PIT201506260.shtml
31,4,2,16,.129,0,0,9,1,36,9,1,7,.361,1,0,9,2,/boxes/CHA/CHA201506190.shtml
36,8,2,7,.306,0,0,9,2,33,7,3,8,.303,0,0,9,4,/boxes/MIN/MIN201506100.shtml
37,13,4,5,.757,0,0,9,4,33,9,0,7,.455,0,1,9,8,/boxes/COL/COL201506170.shtml
34,8,4,7,.382,1,0,9,1,33,6,1,13,.212,0,0,9,5,/boxes/MIA/MIA201506010.shtml
29,2,0,7,.103,1,0,8,5,32,10,3,10,.438,0,0,9,0,/boxes/CLE/CLE201506110.shtml
37,14,3,5,.486,1,0,9,2,34,8,4,5,.294,0,0,9,5,/boxes/ATL/ATL201505040.shtml
33,8,3,3,.364,0,0,8,3,30,9,3,6,.467,0,1,9,3,/boxes/PIT/PIT201505100.shtml
40,13,2,9,.575,2,0,9,2,31,5,1,5,.226,0,0,9,6,/boxes/BAL/BAL201505120.shtml
33,10,2,12,.606,2,2,9,2,35,9,2,6,.429,1,0,9,6,/boxes/MIL/MIL201504100.shtml
32,4,2,9,.375,0,0,8,8,34,13,5,2,.559,2,1,9,3,/boxes/BOS/BOS201504130.shtml
34,11,3,6,.412,1,0,8,9,30,9,9,5,.533,1,1,9,6,/boxes/CIN/CIN201504270.shtml
33,8,4,10,.242,0,1,8,8,35,13,2,8,.686,0,0,9,3,/boxes/SDN/SDN201505140.shtml
40,12,4,14,.525,1,0,9,8,35,9,4,8,.457,1,0,9,8,/boxes/PIT/PIT201504210.shtml
32,6,4,6,.406,0,0,9,3,31,7,3,8,.452,0,0,9,4,/boxes/TOR/TOR201505220.shtml
28,2,4,10,.107,0,0,8,1,30,8,0,7,.367,0,0,9,0,/boxes/ANA/ANA201506130.shtml
36,11,0,8,.417,2,0,8,8,36,13,1,7,.417,1,0,9,4,/boxes/PIT/PIT201506270.shtml
32,5,0,9,.156,0,0,8,2,30,6,0,9,.433,0,0,9,0,/boxes/SEA/SEA201504240.shtml
29,3,1,6,.241,0,0,8,4,33,10,2,4,.485,0,0,9,1,/boxes/MIL/MIL201506240.shtml
36,12,2,6,.472,0,0,9,1,31,6,5,7,.290,0,0,9,3,/boxes/ANA/ANA201507010.shtml
34,8,0,7,.294,0,0,8,6,33,8,4,12,.606,0,0,9,0,/boxes/BAL/BAL201506282.shtml
30,6,1,9,.200,0,0,8,6,31,7,1,1,.419,1,0,9,2,/boxes/OAK/OAK201504280.shtml
44,20,3,5,.682,0,1,9,3,32,7,1,10,.313,0,0,9,11,/boxes/LAN/LAN201505240.shtml
35,9,3,8,.371,0,0,9,0,33,6,2,7,.212,1,0,9,2,/boxes/ATL/ATL201506180.shtml
35,12,3,5,.514,0,0,8,6,38,15,3,4,.658,0,0,9,4,/boxes/COL/COL201504240.shtml
35,10,6,8,.343,1,0,9,0,31,6,2,5,.258,2,0,9,3,/boxes/KCA/KCA201504220.shtml
41,14,1,9,.537,0,1,9,2,34,8,2,11,.412,0,0,9,4,/boxes/ARI/ARI201506040.shtml
33,7,2,7,.364,0,0,8,11,34,13,6,3,.794,0,1,9,2,/boxes/TOR/TOR201506260.shtml
36,13,8,7,.500,2,1,9,4,32,6,2,7,.438,0,1,9,9,/boxes/CHA/CHA201505091.shtml
35,11,1,9,.343,0,2,8,7,30,8,4,5,.333,1,0,9,6,/boxes/NYN/NYN201504190.shtml
34,10,2,5,.412,1,0,8.1,4,35,9,0,5,.543,0,0,9,4,/boxes/PHI/PHI201506020.shtml
41,14,5,9,.561,0,0,9,2,34,9,2,7,.353,0,0,9,8,/boxes/TEX/TEX201506240.shtml
34,9,2,10,.382,1,1,9,2,33,7,0,7,.394,0,0,9,4,/boxes/PHI/PHI201506260.shtml
37,5,5,14,.324,0,1,10.2,3,38,6,2,8,.237,0,0,11,3,/boxes/NYN/NYN201506150.shtml
30,4,4,9,.133,0,0,8,2,30,7,2,9,.400,0,0,9,0,/boxes/ANA/ANA201505290.shtml
34,8,1,6,.353,0,0,8,6,36,13,3,7,.444,0,1,9,1,/boxes/SDN/SDN201505310.shtml
37,12,2,8,.541,2,0,9,1,34,7,1,10,.324,0,0,9,6,/boxes/SLN/SLN201507010.shtml
33,6,3,5,.455,1,0,9,0,30,5,2,3,.200,0,0,9,5,/boxes/CIN/CIN201506200.shtml
33,9,5,10,.515,0,2,9,0,29,3,1,10,.138,1,0,9,6,/boxes/SDN/SDN201507010.shtml
36,10,4,12,.472,1,0,8.1,6,36,12,4,6,.556,0,0,9,5,/boxes/LAN/LAN201504140.shtml
41,18,2,5,.537,0,1,9,2,31,4,3,10,.194,0,0,9,9,/boxes/ANA/ANA201504220.shtml
30,6,4,10,.200,0,0,9,1,32,8,3,9,.313,2,0,9,2,/boxes/WAS/WAS201506040.shtml
39,10,6,8,.487,1,0,11,5,43,11,8,17,.419,1,0,11,7,/boxes/CIN/CIN201504120.shtml
33,8,3,8,.455,1,0,9,2,29,4,4,12,.172,3,1,9,4,/boxes/TOR/TOR201504160.shtml
44,13,3,12,.409,0,0,11,3,43,11,2,8,.349,0,0,11,5,/boxes/NYN/NYN201506130.shtml
36,10,3,11,.361,2,0,8,5,36,11,1,5,.417,3,0,9,7,/boxes/BOS/BOS201504140.shtml
35,8,5,9,.429,0,0,9,2,32,5,2,9,.375,0,0,9,4,/boxes/SEA/SEA201505160.shtml
38,12,5,10,.447,1,0,9,1,32,8,2,7,.313,0,1,9,8,/boxes/PHI/PHI201504230.shtml
37,10,1,14,.541,0,0,8,4,31,6,2,3,.323,2,0,9,5,/boxes/CHN/CHN201505140.shtml
40,14,4,6,.550,0,0,9,3,33,6,6,6,.212,0,1,9,5,/boxes/CLE/CLE201505020.shtml
32,5,1,8,.188,1,0,8,6,37,13,3,5,.622,0,0,9,0,/boxes/MIA/MIA201506110.shtml
32,10,1,6,.531,0,0,9,0,30,4,4,8,.133,0,0,9,2,/boxes/KCA/KCA201507020.shtml
33,8,0,8,.333,0,0,8,7,38,15,1,8,.605,0,0,9,2,/boxes/SDN/SDN201506270.shtml
38,12,3,11,.658,1,0,9,3,32,7,2,6,.500,0,0,9,8,/boxes/CIN/CIN201504290.shtml
38,10,2,7,.342,0,0,8,4,30,6,3,9,.233,0,0,9,3,/boxes/MIA/MIA201504280.shtml
39,13,5,8,.513,0,0,9,5,40,14,5,6,.400,0,0,9,9,/boxes/ATL/ATL201506050.shtml
30,7,0,8,.267,0,0,8,4,31,9,2,6,.484,0,0,9,0,/boxes/DET/DET201506120.shtml
34,9,0,5,.265,1,0,8,3,28,5,1,7,.286,0,1,9,1,/boxes/MIN/MIN201504150.shtml
36,9,4,11,.667,0,0,9,1,28,4,3,3,.214,0,0,9,4,/boxes/ATL/ATL201504300.shtml
32,10,2,5,.344,1,0,8,5,33,11,3,4,.576,0,1,9,3,/boxes/MIN/MIN201505020.shtml
36,11,2,4,.306,0,0,9.1,3,34,7,3,8,.265,0,0,10,2,/boxes/HOU/HOU201504300.shtml
44,12,1,9,.341,0,0,11,3,43,9,1,10,.326,0,0,11,5,/boxes/BOS/BOS201506130.shtml
34,8,2,9,.235,0,0,8,6,35,13,2,10,.543,0,0,9,0,/boxes/DET/DET201506090.shtml
33,7,1,8,.424,1,0,8,6,34,10,2,12,.500,2,0,9,5,/boxes/HOU/HOU201507010.shtml
35,8,0,9,.429,1,0,8,7,29,7,8,7,.517,0,0,9,6,/boxes/TOR/TOR201504230.shtml
33,8,1,14,.455,1,0,9,3,34,9,5,5,.471,0,0,9,4,/boxes/LAN/LAN201506170.shtml
33,7,4,7,.273,0,0,8,8,33,11,5,2,.606,0,0,9,3,/boxes/LAN/LAN201504270.shtml
36,9,0,11,.361,1,0,8,7,32,8,5,3,.531,0,0,9,4,/boxes/CLE/CLE201504290.shtml
36,11,1,13,.417,0,0,8,5,33,10,1,5,.545,0,0,9,4,/boxes/NYN/NYN201504180.shtml
37,14,3,3,.432,1,0,9,2,33,5,0,10,.303,0,0,9,4,/boxes/PIT/PIT201504200.shtml
33,6,2,5,.242,0,0,8,4,32,8,3,9,.375,0,0,9,0,/boxes/SFN/SFN201505200.shtml
33,8,1,11,.303,0,0,8,0,29,7,1,5,.345,1,0,9,1,/boxes/BOS/BOS201506240.shtml
35,9,3,11,.371,1,0,9,0,30,6,2,8,.200,0,0,9,5,/boxes/SLN/SLN201505300.shtml
38,11,2,12,.342,0,0,9.2,5,34,9,7,7,.294,0,1,10,4,/boxes/NYN/NYN201505260.shtml
40,14,0,6,.475,1,0,9,8,38,13,2,6,.605,0,0,9,9,/boxes/COL/COL201505231.shtml
33,8,2,11,.576,0,1,9,2,36,10,1,12,.361,2,0,9,5,/boxes/TBA/TBA201506280.shtml
43,16,4,9,.581,1,0,9,7,38,12,3,6,.526,1,1,9,9,/boxes/CIN/CIN201505170.shtml
35,8,1,15,.429,0,0,8,6,31,7,5,8,.516,0,0,9,3,/boxes/SEA/SEA201506200.shtml
34,7,1,8,.441,0,0,9,0,27,1,4,7,.074,1,0,9,1,/boxes/SDN/SDN201506300.shtml
30,4,3,11,.133,1,0,8,5,31,9,1,2,.581,0,0,9,0,/boxes/ATL/ATL201505030.shtml
34,7,0,5,.412,0,0,8,5,33,11,1,10,.455,0,1,9,1,/boxes/MIN/MIN201506240.shtml
32,5,2,11,.188,1,0,8,3,29,7,2,5,.345,0,0,9,1,/boxes/PHI/PHI201505080.shtml
32,5,1,16,.219,1,0,8,3,27,4,0,9,.296,1,0,9,1,/boxes/CHA/CHA201506080.shtml
30,5,0,8,.167,1,1,8,6,31,7,4,6,.355,1,0,9,2,/boxes/PIT/PIT201504180.shtml
35,7,3,10,.286,0,0,8.2,3,28,5,3,11,.179,1,1,9,2,/boxes/SFN/SFN201504220.shtml
34,9,2,7,.324,1,0,8,9,35,15,6,4,.571,0,3,9,4,/boxes/SLN/SLN201504280.shtml
32,6,3,9,.438,0,0,8,11,39,14,4,4,.410,1,1,9,3,/boxes/SDN/SDN201505010.shtml
30,4,2,9,.233,0,0,8.1,2,34,10,0,7,.471,0,0,9,1,/boxes/DET/DET201504170.shtml
32,6,1,8,.313,1,0,8,3,37,12,2,7,.432,0,0,9,1,/boxes/SFN/SFN201504180.shtml
43,17,0,3,.605,0,0,9,2,34,9,0,4,.382,0,0,9,7,/boxes/MIL/MIL201506160.shtml
32,8,3,9,.344,0,0,9,0,30,5,6,8,.200,0,0,9,3,/boxes/CHN/CHN201505170.shtml
36,10,5,7,.333,1,0,8,5,33,11,3,2,.545,0,1,9,2,/boxes/CIN/CIN201505290.shtml
31,5,1,5,.387,0,0,8,4,29,6,1,10,.379,0,1,9,3,/boxes/ARI/ARI201505240.shtml
32,11,5,5,.469,0,1,9,3,35,9,4,6,.314,0,0,9,5,/boxes/ARI/ARI201504270.shtml
36,10,7,12,.278,0,1,8,5,31,6,5,10,.290,0,0,9,4,/boxes/BAL/BAL201505210.shtml
38,12,2,3,.658,0,0,9,4,32,7,3,10,.344,0,0,9,8,/boxes/ATL/ATL201505020.shtml
35,9,6,8,.343,0,1,9,2,33,5,1,11,.242,0,0,9,1,/boxes/PHI/PHI201506281.shtml
35,10,2,4,.343,1,0,9,3,37,10,1,11,.351,0,0,9,4,/boxes/COL/COL201505180.shtml
39,7,4,7,.282,0,0,10.1,2,37,8,2,10,.324,0,1,11,1,/boxes/CHN/CHN201506140.shtml
35,9,0,11,.400,1,1,9,1,32,6,0,10,.313,0,0,9,3,/boxes/MIL/MIL201505270.shtml
34,8,2,5,.353,0,0,9,1,32,8,1,6,.375,1,0,9,3,/boxes/MIN/MIN201506080.shtml
29,3,3,7,.103,0,0,8,2,25,3,2,7,.120,0,1,9,0,/boxes/HOU/HOU201504060.shtml
33,7,2,6,.303,0,0,8,3,26,6,4,4,.346,0,1,9,2,/boxes/SLN/SLN201506160.shtml
38,11,4,4,.526,2,0,9,3,33,6,4,9,.242,0,0,9,7,/boxes/OAK/OAK201504250.shtml
33,8,0,8,.455,1,1,8,9,41,16,1,8,.683,0,1,9,3,/boxes/COL/COL201506080.shtml
32,9,1,6,.313,0,0,8,3,30,7,5,4,.367,1,0,9,1,/boxes/LAN/LAN201506090.shtml
33,6,1,8,.394,0,0,8,10,37,13,2,6,.757,1,1,9,3,/boxes/TBA/TBA201504240.shtml
36,10,4,11,.361,0,0,9,0,32,5,2,12,.250,0,0,9,3,/boxes/CHN/CHN201504050.shtml
33,9,1,8,.394,0,0,8,3,29,9,2,5,.483,0,1,9,2,/boxes/SDN/SDN201504150.shtml
33,9,2,6,.576,0,0,9,1,31,7,3,4,.258,0,0,9,4,/boxes/DET/DET201506160.shtml
33,7,1,10,.455,0,0,9,2,33,9,4,8,.303,0,0,9,5,/boxes/CHN/CHN201506240.shtml
30,5,2,12,.400,0,0,8,6,30,7,1,10,.567,1,0,9,2,/boxes/NYA/NYA201506070.shtml
32,6,0,9,.281,0,0,8,1,30,8,0,12,.333,0,0,9,2,/boxes/MIA/MIA201506270.shtml
35,9,4,13,.486,0,0,8,8,34,11,4,10,.588,1,0,9,5,/boxes/HOU/HOU201506160.shtml
34,8,0,6,.412,0,0,8,3,31,6,7,8,.290,0,0,9,3,/boxes/HOU/HOU201504190.shtml
34,7,2,6,.294,0,0,8,7,34,11,3,5,.471,1,1,9,2,/boxes/MIN/MIN201504190.shtml
35,7,2,10,.371,0,0,8,7,28,8,3,4,.821,0,2,9,3,/boxes/LAN/LAN201504290.shtml
33,7,4,8,.364,0,1,9,5,37,11,1,8,.459,0,0,9,4,/boxes/COL/COL201504120.shtml
37,13,2,7,.432,0,1,9,4,34,9,3,6,.353,2,0,9,4,/boxes/ARI/ARI201504060.shtml
31,6,5,4,.258,0,1,8,5,33,11,3,6,.455,0,0,9,2,/boxes/MIA/MIA201505240.shtml
32,8,2,8,.281,0,0,8,2,32,9,4,5,.375,0,0,9,0,/boxes/MIN/MIN201506070.shtml
34,7,6,10,.324,0,0,9,0,32,5,2,6,.188,0,0,9,1,/boxes/NYN/NYN201505030.shtml
39,8,7,9,.282,0,1,10.2,5,42,11,3,14,.357,1,0,11,4,/boxes/CIN/CIN201504080.shtml
42,12,1,9,.381,1,0,9,0,34,5,1,10,.147,1,0,9,6,/boxes/ANA/ANA201506140.shtml
32,5,1,7,.375,0,0,9,1,31,5,1,13,.258,1,0,9,3,/boxes/SEA/SEA201506030.shtml
38,14,4,8,.553,0,0,9,2,31,5,1,9,.290,0,0,9,6,/boxes/TBA/TBA201506110.shtml
30,5,3,6,.167,0,0,9,0,34,8,2,7,.265,0,0,9,3,/boxes/TEX/TEX201504270.shtml
37,11,2,5,.541,0,0,8,10,32,11,3,5,.875,0,0,9,5,/boxes/COL/COL201506230.shtml
36,10,7,8,.556,1,0,8,10,35,13,5,8,.629,0,0,9,6,/boxes/ARI/ARI201506290.shtml
34,7,2,14,.235,0,0,8,9,35,12,6,7,.571,0,1,9,1,/boxes/PIT/PIT201505240.shtml
33,8,2,9,.242,0,0,8,4,28,6,3,7,.214,0,1,9,2,/boxes/TBA/TBA201505120.shtml
28,1,4,11,.036,1,0,8,3,28,6,2,6,.250,0,1,9,1,/boxes/ANA/ANA201505100.shtml
37,10,1,5,.541,0,0,8.1,4,28,5,1,9,.321,0,2,9,3,/boxes/TOR/TOR201506090.shtml
34,9,6,6,.382,0,1,8.1,3,30,8,4,9,.433,0,1,9,3,/boxes/CIN/CIN201505120.shtml
41,14,1,9,.585,1,1,9,2,30,5,3,9,.300,0,0,9,8,/boxes/ANA/ANA201504120.shtml
36,10,2,11,.389,2,0,8,8,33,11,4,9,.515,0,0,9,5,/boxes/CIN/CIN201505300.shtml
32,6,1,8,.281,0,0,8,8,30,10,8,7,.567,0,0,9,0,/boxes/TOR/TOR201506170.shtml
30,8,4,5,.533,0,1,9,2,30,3,2,7,.300,0,0,9,6,/boxes/ATL/ATL201504150.shtml
31,5,3,6,.161,0,1,8,4,32,8,2,7,.438,0,0,9,0,/boxes/ANA/ANA201506160.shtml
32,8,1,9,.313,0,0,8.2,2,33,8,5,7,.303,0,1,9,2,/boxes/CHA/CHA201504240.shtml
34,6,5,7,.206,0,1,8,4,30,9,4,8,.433,1,0,9,1,/boxes/ARI/ARI201506190.shtml
32,8,0,7,.281,1,0,8,7,36,13,2,2,.639,0,0,9,2,/boxes/NYA/NYA201506190.shtml
34,9,2,10,.294,0,0,8.2,3,36,12,3,11,.417,0,0,9,3,/boxes/ANA/ANA201505250.shtml
31,7,4,4,.548,0,0,9,2,34,7,1,4,.235,0,0,9,5,/boxes/MIL/MIL201506270.shtml
34,7,1,7,.235,1,1,8.2,2,31,6,3,6,.226,0,1,9,1,/boxes/SFN/SFN201505010.shtml
31,5,4,6,.226,1,0,8,1,27,5,3,8,.222,1,0,9,0,/boxes/BAL/BAL201506090.shtml
35,10,4,4,.286,0,1,9,3,37,10,1,8,.432,0,0,9,6,/boxes/TEX/TEX201506250.shtml
33,6,5,9,.242,0,0,8,5,32,10,1,7,.500,1,0,9,1,/boxes/PIT/PIT201505260.shtml
34,8,2,8,.324,0,0,8,5,33,10,6,6,.364,0,0,9,1,/boxes/ATL/ATL201506170.shtml
29,6,6,6,.414,1,0,9,1,32,6,4,9,.219,0,0,9,4,/boxes/CLE/CLE201506200.shtml
32,8,3,8,.281,0,1,9,2,32,6,1,10,.250,0,0,9,3,/boxes/DET/DET201505230.shtml
32,5,0,6,.156,0,0,8,4,31,8,4,7,.419,0,1,9,0,/boxes/SLN/SLN201506120.shtml
33,8,2,13,.333,0,0,8,5,31,8,2,9,.548,1,1,9,2,/boxes/BAL/BAL201505110.shtml
29,4,2,6,.172,0,0,8,1,30,6,3,7,.267,0,0,9,0,/boxes/ATL/ATL201506210.shtml
30,6,1,8,.233,1,0,9,1,35,10,2,9,.343,0,0,9,2,/boxes/SEA/SEA201506040.shtml
31,7,1,5,.226,0,0,8,1,24,4,2,7,.208,0,0,9,0,/boxes/SLN/SLN201506020.shtml
40,13,2,5,.550,0,0,8,8,36,13,2,8,.583,0,0,9,7,/boxes/MIN/MIN201505040.shtml
42,14,3,6,.524,2,0,9,5,33,7,5,6,.364,1,0,9,8,/boxes/BOS/BOS201505030.shtml
34,9,2,4,.294,0,0,8,6,34,11,5,9,.618,1,0,9,3,/boxes/LAN/LAN201505250.shtml
37,12,2,8,.514,1,0,8,13,41,19,2,13,.756,0,1,9,8,/boxes/SFN/SFN201506250.shtml
38,12,6,8,.553,1,0,9,2,32,6,4,16,.313,0,0,9,9,/boxes/TEX/TEX201506030.shtml
34,8,4,6,.265,0,0,8,6,36,14,1,9,.583,0,0,9,0,/boxes/CHA/CHA201504220.shtml
26,2,2,11,.077,1,0,8,6,30,7,2,6,.500,0,0,9,0,/boxes/MIL/MIL201504110.shtml
27,0,0,10,.000,1,0,8,6,30,8,1,8,.433,0,0,9,0,/boxes/WAS/WAS201506200.shtml
33,5,1,11,.182,0,0,8,8,30,11,3,2,.600,0,0,9,0,/boxes/LAN/LAN201505260.shtml
32,8,4,6,.531,0,2,9,2,32,5,5,7,.188,0,0,9,6,/boxes/ANA/ANA201504200.shtml
32,7,2,9,.281,0,0,8,6,33,9,3,9,.485,1,0,9,4,/boxes/HOU/HOU201506020.shtml
35,10,3,10,.629,0,0,9,3,34,8,2,7,.353,0,1,9,6,/boxes/MIL/MIL201505260.shtml
34,9,2,9,.500,0,0,9,2,33,7,2,10,.242,0,0,9,4,/boxes/LAN/LAN201506070.shtml
31,5,2,7,.419,0,0,8,7,33,10,4,5,.576,0,1,9,4,/boxes/TOR/TOR201505210.shtml
35,8,1,10,.400,0,0,8,10,33,11,5,4,.667,0,2,9,4,/boxes/MIL/MIL201505090.shtml
28,5,2,3,.321,1,0,8,10,34,13,5,3,.647,2,0,9,1,/boxes/KCA/KCA201504060.shtml
30,3,4,12,.200,0,0,8,2,29,7,5,4,.276,1,0,9,1,/boxes/NYA/NYA201506170.shtml
30,5,0,10,.200,2,0,8.1,2,27,5,0,9,.222,0,0,9,1,/boxes/ATL/ATL201507020.shtml
38,12,3,8,.368,1,1,9,2,34,6,4,9,.382,1,0,10,2,/boxes/SLN/SLN201506260.shtml
35,8,1,9,.457,0,0,9,3,35,9,1,9,.429,0,0,9,2,/boxes/PHI/PHI201506170.shtml
32,5,0,10,.156,1,0,8,7,34,10,5,6,.529,0,0,9,0,/boxes/SEA/SEA201506230.shtml
36,8,1,10,.278,0,0,8,7,33,9,8,5,.394,0,1,9,1,/boxes/TOR/TOR201505090.shtml
31,5,4,4,.323,0,0,9,1,33,6,0,4,.182,0,0,9,3,/boxes/MIA/MIA201504270.shtml
31,7,5,7,.323,0,1,8,5,31,8,4,8,.516,0,0,9,3,/boxes/MIL/MIL201506280.shtml
27,2,1,13,.074,0,0,8,10,40,18,3,6,.625,0,0,9,0,/boxes/PIT/PIT201506150.shtml
32,9,4,5,.500,0,1,9,2,32,7,2,12,.406,0,0,9,4,/boxes/MIL/MIL201505130.shtml
35,8,3,8,.343,0,0,9.1,4,35,7,3,10,.286,0,0,10,3,/boxes/ARI/ARI201504100.shtml
32,7,5,1,.469,2,1,9,1,32,4,1,8,.156,0,0,9,6,/boxes/DET/DET201506030.shtml
28,6,1,10,.214,1,0,8,1,30,6,0,7,.300,1,1,9,0,/boxes/PIT/PIT201505220.shtml
38,11,4,11,.605,3,0,9,6,39,13,2,7,.744,1,1,9,11,/boxes/NYA/NYA201506230.shtml
31,6,2,4,.387,0,0,8,5,33,11,2,8,.545,0,0,9,4,/boxes/SFN/SFN201505020.shtml
36,11,6,4,.528,0,0,9,2,33,7,3,11,.364,0,0,9,5,/boxes/CHA/CHA201505210.shtml
32,5,1,8,.313,0,0,9,0,29,2,1,4,.069,0,0,9,2,/boxes/SEA/SEA201504070.shtml
38,12,6,5,.632,0,0,9,4,35,7,2,12,.400,0,0,9,10,/boxes/BOS/BOS201504150.shtml
28,1,1,5,.036,1,0,8,8,37,11,4,9,.595,0,0,9,0,/boxes/OAK/OAK201504060.shtml
44,18,5,6,.795,0,0,9,4,35,9,1,10,.343,0,0,9,10,/boxes/COL/COL201506010.shtml
39,16,2,5,.538,0,1,9,4,34,9,2,7,.382,0,0,9,7,/boxes/PHI/PHI201506290.shtml
37,11,0,12,.432,0,0,8,4,27,6,1,3,.444,0,0,9,3,/boxes/BAL/BAL201505250.shtml
35,10,3,7,.486,0,0,9,2,36,9,4,7,.389,1,0,9,6,/boxes/SLN/SLN201505060.shtml
40,9,2,10,.400,0,1,11,3,41,11,2,9,.317,0,0,11,4,/boxes/ATL/ATL201506080.shtml
31,6,5,7,.387,0,0,8,4,28,6,6,8,.429,1,0,9,3,/boxes/CHN/CHN201505110.shtml
33,8,6,5,.364,0,0,9,1,29,5,3,5,.207,0,1,9,4,/boxes/BAL/BAL201505260.shtml
32,6,2,9,.250,0,0,8,3,32,7,1,8,.344,0,0,9,0,/boxes/TBA/TBA201505210.shtml
38,16,3,2,.579,0,0,9,3,36,10,2,6,.472,1,0,9,7,/boxes/KCA/KCA201506190.shtml
37,10,3,8,.324,0,0,8,3,31,7,0,9,.387,1,2,9,2,/boxes/PIT/PIT201504220.shtml
37,12,1,10,.486,0,0,9,1,31,5,1,7,.226,0,0,9,5,/boxes/COL/COL201505062.shtml
35,8,0,13,.314,0,0,8,6,30,8,2,11,.700,0,0,9,1,/boxes/HOU/HOU201504150.shtml
28,4,3,6,.143,0,0,9,1,31,5,2,10,.194,0,0,9,2,/boxes/MIL/MIL201504220.shtml
34,6,2,7,.353,2,0,9.1,3,37,10,5,9,.324,0,0,10,2,/boxes/SFN/SFN201504230.shtml
35,11,3,9,.429,0,2,9,6,36,12,3,9,.389,0,1,9,7,/boxes/MIA/MIA201505210.shtml
34,7,1,14,.500,0,0,8,1,31,5,0,10,.226,0,0,9,3,/boxes/SDN/SDN201505190.shtml
33,6,1,5,.212,1,0,8,1,28,7,3,6,.250,0,0,9,0,/boxes/MIN/MIN201505010.shtml
37,12,3,7,.595,0,0,9,9,39,12,2,6,.615,1,0,9,7,/boxes/NYA/NYA201505220.shtml
30,5,3,8,.400,0,0,9,1,30,5,1,8,.300,1,0,9,2,/boxes/CHN/CHN201505250.shtml
34,8,3,9,.265,0,0,8,8,34,11,0,5,.676,1,1,9,4,/boxes/HOU/HOU201505150.shtml
33,6,5,8,.182,2,0,8,5,28,9,6,2,.464,1,1,9,4,/boxes/TOR/TOR201506190.shtml
34,8,5,5,.412,0,0,9,1,30,5,0,8,.267,1,0,9,5,/boxes/NYN/NYN201507020.shtml
34,11,8,11,.500,1,1,8,3,36,12,5,3,.528,0,1,9,6,/boxes/CHA/CHA201505060.shtml
32,9,2,6,.406,1,0,9,1,32,6,4,8,.188,0,1,9,4,/boxes/SFN/SFN201504140.shtml
39,11,1,10,.513,0,0,9,1,31,5,1,7,.226,0,0,9,7,/boxes/WAS/WAS201505230.shtml
34,9,3,6,.353,2,0,8,4,34,10,1,5,.294,1,1,9,2,/boxes/SDN/SDN201506030.shtml
38,10,4,9,.395,0,0,9,6,32,7,3,6,.344,0,1,9,5,/boxes/OAK/OAK201504260.shtml
33,8,0,8,.455,0,0,8,6,31,7,7,8,.452,0,0,9,2,/boxes/MIL/MIL201505060.shtml
31,5,0,6,.226,0,0,8,8,34,13,5,5,.500,0,0,9,0,/boxes/ARI/ARI201504290.shtml
39,8,6,9,.487,0,0,11,3,42,9,6,12,.262,1,0,11,4,/boxes/SLN/SLN201507020.shtml
37,10,2,6,.324,0,0,8,4,34,10,1,4,.353,0,0,9,2,/boxes/SLN/SLN201504150.shtml
37,11,4,15,.459,0,0,9,1,35,8,0,7,.343,1,0,9,5,/boxes/ATL/ATL201506300.shtml
35,9,2,9,.629,2,0,9,1,36,8,1,10,.278,0,1,9,6,/boxes/NYA/NYA201505090.shtml
30,4,1,4,.167,0,0,8,6,32,12,2,7,.563,0,1,9,1,/boxes/BOS/BOS201505240.shtml
32,5,1,5,.188,0,0,8,8,30,6,6,12,.500,0,0,9,0,/boxes/LAN/LAN201505010.shtml
38,13,4,6,.447,1,0,9,1,31,6,1,16,.194,0,0,9,7,/boxes/MIA/MIA201506260.shtml
34,8,2,7,.353,0,0,8,4,29,6,3,8,.379,0,0,9,2,/boxes/ANA/ANA201506270.shtml
34,6,3,3,.265,0,0,8,10,40,15,6,7,.450,1,0,9,2,/boxes/NYA/NYA201506240.shtml
29,3,3,1,.172,0,0,8,2,34,10,0,7,.353,0,0,9,1,/boxes/TOR/TOR201505040.shtml
33,7,2,7,.303,0,0,8.2,3,35,10,3,7,.343,0,0,9,2,/boxes/SFN/SFN201505100.shtml
30,6,2,9,.300,1,1,8,9,34,11,2,8,.765,0,0,9,2,/boxes/WAS/WAS201505080.shtml
29,5,1,6,.276,1,0,8,2,30,8,1,7,.400,0,0,9,1,/boxes/SDN/SDN201506130.shtml
41,15,2,4,.585,0,0,9,10,39,12,7,8,.590,0,0,9,12,/boxes/BOS/BOS201506120.shtml
40,16,2,8,.650,3,1,9,1,30,6,4,4,.300,0,0,9,10,/boxes/PHI/PHI201506200.shtml
40,14,5,11,.475,1,0,9,0,31,7,1,14,.226,1,0,9,8,/boxes/CHN/CHN201504290.shtml
34,7,2,2,.294,0,0,8,3,31,9,3,4,.419,0,0,9,2,/boxes/TEX/TEX201506160.shtml
37,10,2,10,.486,0,0,8,8,38,16,1,2,.447,0,1,9,5,/boxes/PHI/PHI201506282.shtml
35,8,2,9,.600,0,0,8,5,36,14,0,5,.694,0,0,9,4,/boxes/DET/DET201506260.shtml
33,6,3,10,.212,0,1,8,6,30,8,3,9,.567,1,0,9,3,/boxes/NYN/NYN201505250.shtml
35,8,0,18,.400,0,0,8,6,29,8,8,5,.552,2,0,9,2,/boxes/NYA/NYA201505100.shtml
39,13,2,8,.436,0,0,9,1,32,7,3,10,.250,0,0,9,4,/boxes/BOS/BOS201504180.shtml
33,8,1,9,.455,0,0,8,11,40,17,3,6,.775,0,1,9,3,/boxes/CLE/CLE201505270.shtml
28,2,5,7,.071,1,0,8,7,34,12,1,11,.647,0,1,9,0,/boxes/TOR/TOR201505080.shtml
27,2,2,10,.074,0,1,8,9,36,11,3,4,.389,1,0,9,1,/boxes/ATL/ATL201505210.shtml
29,4,1,9,.138,0,0,8,3,31,9,1,4,.387,0,0,9,0,/boxes/KCA/KCA201505190.shtml
33,8,2,4,.576,0,0,8,6,36,15,1,5,.500,0,1,9,4,/boxes/KCA/KCA201504170.shtml
33,7,3,5,.303,0,0,9,1,34,7,2,8,.235,0,0,9,4,/boxes/ARI/ARI201504240.shtml
36,9,4,12,.333,0,1,8,4,33,12,3,5,.727,0,0,9,2,/boxes/TBA/TBA201505220.shtml
37,10,0,8,.459,0,0,8,7,38,13,4,8,.553,0,0,9,4,/boxes/PHI/PHI201505160.shtml
30,7,3,1,.500,0,1,8,5,31,8,6,13,.419,0,0,9,4,/boxes/HOU/HOU201505140.shtml
34,8,9,5,.471,0,0,9,2,32,10,3,9,.406,0,1,9,4,/boxes/DET/DET201504210.shtml
40,9,7,9,.325,1,0,11,2,37,6,4,7,.324,0,0,11,4,/boxes/SEA/SEA201504260.shtml
33,5,2,3,.273,1,1,10,0,35,5,6,5,.171,0,0,10,2,/boxes/DET/DET201505100.shtml
31,5,5,12,.290,0,0,9,2,34,9,2,8,.353,0,0,9,3,/boxes/LAN/LAN201505270.shtml
29,3,2,11,.103,1,0,8,1,26,3,6,2,.115,0,0,9,0,/boxes/LAN/LAN201505170.shtml
37,6,3,16,.270,0,0,10.1,3,38,9,5,5,.421,0,0,11,2,/boxes/MIL/MIL201505100.shtml
31,6,0,6,.290,0,0,8,5,31,9,4,3,.548,0,0,9,1,/boxes/TOR/TOR201506050.shtml
29,5,6,7,.207,0,1,8,2,32,8,4,6,.281,0,0,9,1,/boxes/ANA/ANA201505310.shtml
30,3,2,7,.167,0,0,8,3,32,10,1,6,.344,0,0,9,1,/boxes/MIN/MIN201504280.shtml
31,5,4,4,.258,0,0,8,6,31,9,4,6,.452,0,0,9,2,/boxes/SFN/SFN201506160.shtml
39,10,4,10,.308,1,0,10.2,3,41,11,4,12,.390,1,0,11,2,/boxes/ATL/ATL201505230.shtml
33,8,4,12,.455,0,1,8,7,37,15,4,11,.649,0,0,9,5,/boxes/BAL/BAL201504150.shtml
33,6,3,10,.333,0,0,9,2,33,6,3,9,.364,0,0,9,1,/boxes/CIN/CIN201504260.shtml
36,10,3,10,.444,0,0,9,0,32,6,2,6,.188,0,0,9,6,/boxes/KCA/KCA201505240.shtml
34,7,1,6,.265,0,0,8,14,40,18,6,5,.900,1,1,9,3,/boxes/NYA/NYA201506200.shtml
41,13,1,6,.512,0,0,9,3,33,8,1,5,.273,0,1,9,7,/boxes/MIL/MIL201505300.shtml
30,5,3,7,.267,0,1,8,6,29,6,3,8,.345,0,0,9,2,/boxes/TEX/TEX201506120.shtml
39,14,5,11,.538,0,3,9,6,37,13,3,6,.703,0,1,9,9,/boxes/TEX/TEX201505160.shtml
37,13,1,4,.541,1,0,9,1,35,9,0,6,.257,0,1,9,8,/boxes/SEA/SEA201506240.shtml
33,7,3,11,.485,0,0,8,7,30,9,3,6,.467,0,1,9,4,/boxes/NYN/NYN201504160.shtml
36,13,7,5,.556,1,0,9,6,33,7,1,6,.455,0,1,9,7,/boxes/COL/COL201504210.shtml
31,4,2,9,.161,0,0,8,10,38,15,7,2,.579,0,1,9,0,/boxes/DET/DET201504080.shtml
39,8,5,8,.436,0,0,10,3,40,12,2,11,.450,0,1,11,2,/boxes/CHA/CHA201506210.shtml
33,6,0,10,.424,0,0,8,11,37,16,1,5,.919,1,1,9,2,/boxes/TOR/TOR201507010.shtml
42,17,0,6,.810,0,0,9,7,38,13,1,13,.526,1,0,9,10,/boxes/MIN/MIN201504290.shtml
35,9,3,7,.314,0,1,9,2,30,3,1,13,.267,0,0,9,4,/boxes/MIL/MIL201505120.shtml
37,10,2,15,.649,0,0,9,6,35,10,7,10,.514,0,0,9,6,/boxes/MIL/MIL201505080.shtml
30,3,0,8,.300,1,0,8,4,30,7,3,6,.533,0,0,9,2,/boxes/CIN/CIN201504280.shtml
38,13,4,12,.500,0,0,9,1,29,3,0,3,.241,0,0,9,7,/boxes/TBA/TBA201506290.shtml
30,4,2,12,.233,1,1,8,3,30,9,5,6,.367,1,1,9,2,/boxes/MIL/MIL201506230.shtml
36,8,1,12,.250,0,0,9.2,2,35,8,5,10,.257,0,0,10,1,/boxes/SLN/SLN201505010.shtml
34,8,2,6,.353,1,0,9,0,32,7,2,6,.281,0,0,9,5,/boxes/KCA/KCA201504180.shtml
41,12,3,7,.439,0,0,10,6,42,12,2,6,.381,2,0,10,6,/boxes/TBA/TBA201505260.shtml
41,14,1,9,.732,0,0,9,5,36,9,6,6,.306,1,0,9,8,/boxes/NYN/NYN201505300.shtml
32,7,3,7,.406,2,1,9,3,34,9,2,7,.353,1,0,9,3,/boxes/PHI/PHI201505110.shtml
30,6,5,5,.333,0,1,9,3,35,11,4,8,.486,0,0,9,4,/boxes/SEA/SEA201505300.shtml
44,14,4,8,.477,0,0,11,3,45,14,3,13,.356,1,0,11,5,/boxes/SEA/SEA201506020.shtml
31,4,0,11,.226,0,0,8,3,27,4,0,10,.481,0,0,9,1,/boxes/HOU/HOU201506030.shtml
35,9,1,11,.457,1,0,8,4,30,11,0,2,.600,2,0,9,3,/boxes/CHN/CHN201506130.shtml
33,7,2,7,.576,0,0,8,10,38,14,3,4,.868,0,0,9,4,/boxes/HOU/HOU201505020.shtml
30,4,0,13,.133,1,0,8.2,1,29,5,4,6,.241,0,0,9,0,/boxes/LAN/LAN201506180.shtml
35,8,3,11,.371,1,0,9,4,34,11,1,7,.500,0,1,9,3,/boxes/ANA/ANA201505270.shtml
39,15,3,9,.615,1,1,9,3,33,6,4,7,.303,0,0,9,8,/boxes/BOS/BOS201504190.shtml
40,12,5,8,.525,0,0,9,7,36,11,3,7,.750,1,0,9,7,/boxes/TOR/TOR201504170.shtml
37,10,1,6,.351,0,0,9,3,37,12,0,10,.324,0,1,9,4,/boxes/OAK/OAK201505300.shtml
45,23,5,3,.844,1,2,9,4,35,8,2,7,.343,0,0,9,15,/boxes/TBA/TBA201506160.shtml
32,5,1,9,.156,0,0,8,5,30,7,4,4,.367,1,0,9,1,/boxes/PIT/PIT201504190.shtml
30,5,3,5,.333,1,1,8,8,35,11,5,6,.457,1,1,9,2,/boxes/NYA/NYA201506060.shtml
33,6,5,12,.364,0,0,9,1,29,3,3,5,.207,1,0,9,5,/boxes/NYA/NYA201504060.shtml
40,13,4,7,.425,0,0,8,6,34,10,1,7,.559,0,0,9,2,/boxes/MIL/MIL201504260.shtml
30,3,2,13,.133,0,0,8,7,39,15,3,4,.513,1,0,9,0,/boxes/OAK/OAK201504080.shtml
30,7,0,7,.367,0,0,8,2,25,7,3,5,.280,0,0,9,1,/boxes/DET/DET201504200.shtml
36,13,7,5,.528,1,1,9,4,36,10,4,6,.417,0,0,9,8,/boxes/DET/DET201507020.shtml
37,10,7,10,.459,0,0,9,3,38,12,2,8,.421,0,0,9,8,/boxes/CLE/CLE201506100.shtml
37,9,2,14,.405,0,0,9,4,35,9,6,5,.400,0,0,9,5,/boxes/LAN/LAN201505140.shtml
50,15,8,11,.560,0,0,11.1,10,47,15,9,10,.468,3,2,12,10,/boxes/CHN/CHN201505150.shtml
37,10,2,12,.270,0,0,8,3,29,7,1,10,.414,0,0,9,2,/boxes/TBA/TBA201505130.shtml
28,2,4,9,.107,0,0,8,5,32,10,3,7,.406,0,0,9,0,/boxes/ARI/ARI201504110.shtml
42,17,3,12,.738,0,1,9,4,35,9,4,8,.457,2,0,9,10,/boxes/SLN/SLN201505150.shtml
31,7,3,4,.355,0,0,9,1,31,6,2,10,.258,0,0,9,2,/boxes/BOS/BOS201505210.shtml
38,13,1,6,.579,0,0,9,2,33,6,2,9,.182,0,0,9,4,/boxes/NYA/NYA201505240.shtml
42,13,1,10,.429,0,0,9,3,36,9,4,14,.361,0,0,9,4,/boxes/CLE/CLE201505120.shtml
40,16,4,4,.750,1,1,9,4,36,10,1,11,.361,0,0,9,7,/boxes/ARI/ARI201504120.shtml
42,14,4,6,.476,1,0,8.2,11,42,17,7,7,.643,0,0,9,10,/boxes/SEA/SEA201504190.shtml
44,16,4,6,.409,0,1,11,7,48,16,3,8,.438,0,0,11,7,/boxes/PHI/PHI201507020.shtml
29,2,2,8,.069,0,0,8,2,26,7,0,8,.462,0,1,9,1,/boxes/HOU/HOU201506280.shtml
33,10,2,8,.394,0,0,8,2,29,6,2,8,.310,0,0,9,1,/boxes/ARI/ARI201506060.shtml
45,6,3,13,.311,1,0,12.2,8,51,16,4,14,.529,0,0,13,4,/boxes/CIN/CIN201506170.shtml
31,4,1,7,.194,0,0,8,4,30,7,4,6,.367,0,0,9,0,/boxes/TBA/TBA201505020.shtml
31,8,3,5,.387,0,0,8,10,38,16,3,5,.816,0,0,9,2,/boxes/LAN/LAN201506210.shtml
32,6,4,14,.344,0,0,8.1,5,33,10,3,9,.455,0,1,9,5,/boxes/BOS/BOS201504270.shtml
29,4,6,10,.138,0,0,8,4,31,7,2,6,.419,0,0,9,1,/boxes/ATL/ATL201507010.shtml
36,12,4,5,.417,0,0,9,4,34,9,5,5,.353,0,0,9,6,/boxes/OAK/OAK201504300.shtml
37,4,5,11,.135,0,0,10.1,2,36,7,5,10,.278,0,0,11,1,/boxes/CHN/CHN201505310.shtml
36,12,5,8,.722,2,1,9,5,38,12,2,10,.474,0,0,9,8,/boxes/COL/COL201504110.shtml
31,6,1,5,.194,0,0,8,2,31,9,2,7,.290,0,1,9,0,/boxes/WAS/WAS201506021.shtml
31,4,5,12,.161,0,0,8,4,33,10,2,2,.394,0,0,9,1,/boxes/KCA/KCA201505010.shtml
32,8,2,10,.406,0,1,9,1,37,9,3,6,.378,0,0,9,2,/boxes/BOS/BOS201505200.shtml
30,5,1,7,.300,1,1,8,3,31,9,2,6,.548,0,0,9,2,/boxes/SLN/SLN201506150.shtml
41,14,2,8,.488,1,1,8,10,37,13,1,7,.730,0,0,9,9,/boxes/TOR/TOR201505260.shtml
39,16,3,6,.538,1,1,9,0,33,7,1,7,.212,0,0,9,9,/boxes/SDN/SDN201505150.shtml
39,14,6,11,.462,0,0,9,3,34,8,5,8,.294,0,1,9,9,/boxes/CLE/CLE201504110.shtml
38,13,3,7,.500,2,0,9,1,32,7,0,5,.281,0,1,9,7,/boxes/ARI/ARI201506010.shtml
34,9,1,2,.353,1,0,9,2,33,6,0,16,.273,0,0,9,3,/boxes/BAL/BAL201505281.shtml
40,6,4,13,.225,1,0,12,0,40,4,3,15,.125,0,0,12,1,/boxes/TBA/TBA201506240.shtml
35,9,4,10,.314,0,0,9,0,29,3,0,3,.103,0,0,9,2,/boxes/PIT/PIT201504140.shtml
36,11,1,8,.444,0,0,8,4,29,8,4,11,.276,1,2,9,1,/boxes/CHN/CHN201505160.shtml
41,19,8,7,.707,0,1,9,7,37,12,2,7,.703,1,1,9,13,/boxes/COL/COL201505061.shtml
34,9,5,12,.382,0,0,9,2,29,6,5,5,.379,0,1,9,3,/boxes/OAK/OAK201505270.shtml
21,4,3,1,.238,1,0,5,3,21,6,2,2,.524,0,0,6,2,/boxes/KCA/KCA201505230.shtml
39,10,7,5,.385,0,0,11,4,44,13,3,7,.386,0,1,11,5,/boxes/OAK/OAK201505110.shtml
42,16,7,7,.524,0,1,9,1,31,6,1,6,.290,0,0,9,9,/boxes/SFN/SFN201505060.shtml
33,7,4,12,.394,0,0,8,6,32,9,4,6,.625,0,0,9,4,/boxes/SDN/SDN201504120.shtml
36,10,8,10,.500,0,0,9,7,34,11,6,6,.559,0,0,9,9,/boxes/CIN/CIN201506060.shtml
31,5,4,6,.258,0,1,8,5,29,6,4,9,.483,0,0,9,1,/boxes/WAS/WAS201504160.shtml
43,18,3,9,.558,0,0,9,4,34,10,3,7,.353,0,0,9,6,/boxes/CLE/CLE201504100.shtml
34,8,3,6,.265,0,0,8,6,32,11,4,4,.656,0,1,9,0,/boxes/PHI/PHI201505170.shtml
30,5,1,10,.167,0,0,8,12,42,20,4,5,.929,0,1,9,1,/boxes/DET/DET201505140.shtml
40,14,1,5,.475,0,0,8,6,32,10,2,7,.344,0,2,9,3,/boxes/SLN/SLN201506030.shtml
32,6,1,12,.281,0,0,9,3,32,6,1,7,.438,0,0,9,4,/boxes/NYN/NYN201505290.shtml
33,10,3,6,.545,0,0,8,7,30,8,4,9,.633,0,0,9,4,/boxes/HOU/HOU201505030.shtml
37,9,2,7,.459,0,0,9,1,30,4,0,8,.233,1,0,9,7,/boxes/CHA/CHA201505240.shtml
40,14,1,7,.475,0,0,8,8,34,10,2,9,.706,0,0,9,4,/boxes/MIL/MIL201505110.shtml
34,7,2,10,.265,0,0,8,6,37,12,0,7,.514,0,0,9,2,/boxes/CHA/CHA201504120.shtml
31,7,0,5,.387,0,0,8,5,31,8,4,4,.484,1,0,9,1,/boxes/MIA/MIA201506120.shtml
28,2,2,15,.107,2,0,8,3,31,11,3,7,.581,1,1,9,1,/boxes/SEA/SEA201504180.shtml
39,13,4,15,.564,0,0,9,8,38,14,3,9,.605,0,1,9,10,/boxes/DET/DET201505240.shtml
35,9,0,5,.543,0,1,8,4,31,11,5,5,.516,1,1,9,4,/boxes/MIN/MIN201505160.shtml
34,8,3,8,.471,1,0,9,3,32,5,5,8,.406,1,1,9,4,/boxes/CLE/CLE201505260.shtml
31,7,5,7,.452,0,1,9,2,35,8,0,15,.343,0,0,9,6,/boxes/CHA/CHA201504210.shtml
44,18,6,8,.523,0,1,9,0,30,4,1,2,.167,0,0,9,8,/boxes/SFN/SFN201504170.shtml
36,9,3,10,.444,0,1,9,1,31,3,0,4,.129,0,0,9,6,/boxes/SDN/SDN201504290.shtml
31,6,1,3,.258,0,0,8,5,32,11,2,7,.625,0,0,9,2,/boxes/TEX/TEX201505130.shtml
36,10,3,9,.528,0,0,8,4,32,10,2,10,.500,0,1,9,3,/boxes/BAL/BAL201506260.shtml
34,9,2,4,.382,0,0,9,2,31,6,2,8,.290,0,0,9,2,/boxes/MIA/MIA201505190.shtml
37,13,2,5,.405,1,0,9,3,33,7,3,6,.333,0,0,9,4,/boxes/OAK/OAK201505160.shtml
32,6,5,9,.219,1,0,8,5,29,7,2,9,.379,0,1,9,1,/boxes/TEX/TEX201505170.shtml
52,11,4,9,.346,0,0,13.1,3,49,12,5,11,.388,0,0,14,2,/boxes/SLN/SLN201505030.shtml
35,10,3,4,.400,0,1,8,8,33,13,3,7,.576,1,2,9,6,/boxes/DET/DET201504260.shtml
33,8,3,10,.273,0,1,8,2,29,5,3,5,.276,0,0,9,1,/boxes/ATL/ATL201505200.shtml
37,9,4,13,.297,0,0,8,3,27,4,4,5,.296,0,0,9,1,/boxes/TOR/TOR201506280.shtml
32,7,3,5,.375,0,0,9,1,29,5,0,5,.241,1,0,9,3,/boxes/TOR/TOR201506290.shtml
32,6,3,5,.406,0,0,9,0,28,2,2,8,.107,0,0,9,2,/boxes/MIA/MIA201504110.shtml
39,13,5,6,.436,0,0,9,2,33,6,3,7,.394,1,0,9,10,/boxes/TEX/TEX201504150.shtml
36,11,5,7,.472,1,0,8.1,7,34,10,6,6,.441,0,1,9,5,/boxes/COL/COL201506030.shtml
36,9,3,14,.417,0,0,9,1,37,12,0,8,.432,0,1,9,6,/boxes/CLE/CLE201506230.shtml
39,13,2,7,.564,1,1,9,1,31,6,5,7,.290,0,0,9,8,/boxes/HOU/HOU201506130.shtml
34,9,1,5,.353,1,0,9,1,32,6,3,7,.250,0,0,9,4,/boxes/WAS/WAS201504230.shtml
37,12,6,7,.649,0,0,9,5,33,7,4,9,.576,0,0,9,6,/boxes/ARI/ARI201505080.shtml
32,7,2,9,.500,0,0,9,0,32,2,0,8,.063,0,0,9,4,/boxes/PHI/PHI201505290.shtml
32,7,2,11,.375,0,0,8,5,31,9,0,10,.613,0,1,9,4,/boxes/PIT/PIT201504130.shtml
29,4,0,8,.138,0,0,8,6,30,7,4,4,.467,0,0,9,0,/boxes/TOR/TOR201505250.shtml
32,7,2,8,.313,0,1,8,3,31,9,0,4,.355,0,1,9,2,/boxes/NYN/NYN201506160.shtml
33,7,0,7,.364,0,0,8,4,29,7,3,5,.310,0,2,9,1,/boxes/NYN/NYN201504170.shtml
34,7,0,6,.412,0,0,8,6,30,9,2,7,.767,0,1,9,2,/boxes/TOR/TOR201506100.shtml
34,10,2,7,.529,0,0,9,1,32,6,2,8,.281,0,0,9,5,/boxes/TEX/TEX201504100.shtml
34,8,3,6,.265,1,0,8,4,29,8,4,5,.276,1,0,9,1,/boxes/ANA/ANA201504250.shtml
35,8,5,15,.429,0,0,9,2,36,10,3,7,.361,0,0,9,6,/boxes/SFN/SFN201505090.shtml
34,9,1,6,.382,1,1,8.1,4,31,7,2,5,.452,0,0,9,3,/boxes/ANA/ANA201505060.shtml
35,7,1,4,.286,0,0,10,2,32,5,4,9,.281,2,1,10,3,/boxes/COL/COL201506070.shtml
36,11,2,5,.583,1,1,8.1,7,32,9,5,8,.531,0,1,9,6,/boxes/LAN/LAN201506100.shtml
31,7,2,8,.419,0,0,8,6,33,10,0,6,.697,0,0,9,3,/boxes/SFN/SFN201506280.shtml
41,16,5,10,.610,1,0,9,3,34,10,1,11,.441,0,0,9,11,/boxes/DET/DET201506100.shtml
38,13,0,6,.447,0,0,9,2,35,10,2,3,.400,0,0,9,5,/boxes/MIA/MIA201505160.shtml
36,12,4,8,.528,2,0,9,4,32,6,1,3,.313,0,0,9,6,/boxes/ANA/ANA201504110.shtml
31,5,1,4,.323,0,0,8.2,2,30,7,4,6,.433,0,0,9,1,/boxes/MIN/MIN201506180.shtml
30,7,4,6,.367,0,0,8,4,28,6,3,5,.214,0,0,9,1,/boxes/TEX/TEX201506150.shtml
34,8,4,9,.353,0,0,9,5,34,9,2,8,.588,1,2,9,7,/boxes/TEX/TEX201505010.shtml
34,7,5,3,.412,0,0,9,3,33,6,2,5,.333,0,0,9,2,/boxes/TOR/TOR201506300.shtml
32,4,1,5,.125,0,0,8,4,33,9,1,6,.394,0,1,9,0,/boxes/OAK/OAK201505250.shtml
27,1,2,12,.037,1,0,8,2,27,7,0,6,.333,0,0,9,0,/boxes/LAN/LAN201506060.shtml
37,13,2,3,.541,1,0,9,0,26,0,0,11,.000,3,0,9,5,/boxes/NYN/NYN201506090.shtml
36,12,3,6,.528,0,0,9,1,29,3,7,7,.207,1,0,9,7,/boxes/PIT/PIT201505050.shtml
37,9,2,6,.459,0,0,9,5,33,7,5,3,.545,0,0,9,6,/boxes/SFN/SFN201505310.shtml
44,18,2,4,.545,0,0,9,1,29,5,2,11,.241,0,0,9,7,/boxes/CHA/CHA201506060.shtml
36,9,3,11,.333,1,0,8,7,40,16,2,4,.600,0,0,9,3,/boxes/BAL/BAL201506120.shtml
31,4,1,7,.194,0,0,8,6,34,13,1,5,.559,1,0,9,0,/boxes/DET/DET201505220.shtml
33,9,2,7,.455,1,1,9,2,35,8,2,10,.314,0,1,9,5,/boxes/CHN/CHN201505030.shtml
33,9,4,8,.455,0,0,8.1,4,29,7,5,6,.414,0,0,9,3,/boxes/LAN/LAN201505110.shtml
35,9,7,9,.686,0,0,9,0,31,3,2,9,.129,0,0,9,8,/boxes/PHI/PHI201504060.shtml
34,8,4,9,.324,0,0,8,5,32,11,2,7,.500,1,0,9,3,/boxes/PIT/PIT201504170.shtml
34,7,5,9,.294,0,0,9,3,34,8,2,5,.265,0,0,9,5,/boxes/DET/DET201506020.shtml
30,5,1,9,.333,0,0,8,8,35,13,8,11,.571,0,0,9,2,/boxes/CLE/CLE201506240.shtml
40,13,2,8,.500,0,0,8,10,40,17,2,5,.775,0,0,9,5,/boxes/COL/COL201506060.shtml
32,9,10,9,.469,0,1,9,5,34,9,4,9,.294,0,0,9,9,/boxes/COL/COL201505100.shtml
35,12,4,4,.714,0,0,9,4,35,7,1,6,.457,0,0,9,8,/boxes/BAL/BAL201506300.shtml
40,13,4,8,.350,0,0,9.2,2,35,8,6,13,.371,0,0,10,1,/boxes/WAS/WAS201504210.shtml
32,5,5,9,.375,1,0,9,1,31,5,5,8,.194,0,0,9,4,/boxes/MIA/MIA201506140.shtml
40,15,4,8,.775,1,2,9,7,41,17,7,3,.512,0,1,9,9,/boxes/ATL/ATL201504280.shtml
33,7,0,12,.303,1,0,8,7,33,10,2,5,.576,0,1,9,2,/boxes/PIT/PIT201505230.shtml
38,13,5,12,.447,0,0,9,4,32,5,4,7,.469,0,0,9,8,/boxes/MIL/MIL201505250.shtml
33,6,1,10,.212,0,0,8,4,32,9,5,8,.469,1,0,9,1,/boxes/NYA/NYA201504270.shtml
29,2,2,16,.172,0,0,8,8,35,13,4,6,.571,0,1,9,2,/boxes/CLE/CLE201505100.shtml
33,7,5,3,.242,0,0,8,1,32,8,3,3,.281,0,0,9,0,/boxes/SFN/SFN201505190.shtml
30,4,1,8,.167,1,0,8,1,29,9,3,9,.448,1,0,9,0,/boxes/CHN/CHN201505010.shtml
61,16,9,14,.426,0,1,16.1,7,65,16,5,13,.385,1,0,17,6,/boxes/MIL/MIL201505310.shtml
41,15,6,6,.610,1,0,9,4,32,6,5,9,.188,0,0,9,12,/boxes/DET/DET201504220.shtml
34,8,5,2,.353,0,1,8,4,35,12,3,5,.543,0,0,9,5,/boxes/SFN/SFN201506270.shtml
32,6,3,12,.281,0,1,8,7,33,9,2,6,.485,0,1,9,2,/boxes/TBA/TBA201505080.shtml
32,5,1,13,.344,0,0,8,16,40,20,3,4,.725,1,2,9,2,/boxes/OAK/OAK201506170.shtml
34,7,1,4,.382,0,0,8,9,36,12,3,6,.639,0,0,9,4,/boxes/MIL/MIL201506260.shtml
34,9,4,5,.412,0,0,9,2,32,6,2,4,.313,0,0,9,5,/boxes/PHI/PHI201504250.shtml
36,10,6,2,.556,0,0,9,1,31,4,9,13,.161,1,1,9,6,/boxes/TEX/TEX201505030.shtml
36,10,1,9,.417,0,0,9,1,32,5,4,6,.219,1,0,9,2,/boxes/OAK/OAK201506090.shtml
30,3,1,8,.133,0,0,8,8,33,12,5,5,.545,1,0,9,0,/boxes/ATL/ATL201505050.shtml
29,6,4,5,.310,0,0,8,9,35,12,2,5,.714,0,0,9,1,/boxes/DET/DET201504190.shtml
35,10,3,8,.571,0,1,8,7,31,8,5,7,.548,0,0,9,6,/boxes/ARI/ARI201504070.shtml
34,9,2,5,.500,0,0,8,6,35,12,2,9,.600,0,0,9,4,/boxes/LAN/LAN201505020.shtml
40,15,5,10,.575,2,2,9,4,35,7,2,7,.429,1,0,9,15,/boxes/NYA/NYA201505230.shtml
31,5,4,6,.290,0,0,8,6,29,7,7,8,.483,0,1,9,1,/boxes/HOU/HOU201506290.shtml
33,8,1,11,.333,0,0,8,4,32,10,2,3,.500,0,0,9,1,/boxes/WAS/WAS201505240.shtml
31,7,4,11,.323,0,0,8,4,29,7,6,8,.379,1,0,9,3,/boxes/CIN/CIN201505140.shtml
37,9,1,11,.514,1,0,9,1,30,3,1,7,.167,2,0,9,7,/boxes/LAN/LAN201505160.shtml
35,7,1,10,.314,0,1,9.1,2,35,9,1,6,.457,1,0,10,1,/boxes/DET/DET201505120.shtml
35,8,2,7,.343,1,0,9,1,31,8,1,3,.355,0,1,9,5,/boxes/SFN/SFN201504190.shtml
31,5,0,5,.290,0,0,9,2,30,4,2,10,.167,1,0,9,3,/boxes/CHA/CHA201506170.shtml
28,6,2,6,.464,1,0,8.2,2,33,9,3,5,.545,0,0,9,2,/boxes/CHN/CHN201505260.shtml
31,7,5,11,.355,1,2,9,2,35,8,1,4,.257,1,0,9,2,/boxes/TOR/TOR201504140.shtml
32,6,2,10,.313,0,0,8,5,30,9,4,4,.533,0,1,9,2,/boxes/MIA/MIA201506300.shtml
39,6,5,5,.205,0,0,12,0,41,7,5,7,.195,0,0,12,0,/boxes/SDN/SDN201504090.shtml
39,10,2,11,.308,1,0,9,2,31,6,2,10,.226,0,1,9,5,/boxes/MIA/MIA201505030.shtml
39,13,4,5,.564,0,0,9,2,37,10,0,5,.486,0,0,9,10,/boxes/CIN/CIN201505150.shtml
31,6,2,10,.419,1,0,9,3,33,6,1,11,.273,1,0,9,3,/boxes/CHA/CHA201505230.shtml
33,8,3,7,.364,0,0,8,5,32,8,2,7,.406,0,0,9,2,/boxes/MIA/MIA201506020.shtml
35,8,1,7,.257,0,1,8,3,32,13,2,4,.469,0,1,9,2,/boxes/KCA/KCA201506180.shtml
29,5,5,10,.276,1,1,9,2,30,6,4,15,.333,1,0,9,3,/boxes/SDN/SDN201505200.shtml
36,10,0,10,.583,1,0,9,2,35,8,2,5,.371,0,0,9,5,/boxes/PHI/PHI201505300.shtml
35,10,2,7,.457,0,0,9,0,35,7,0,2,.229,0,0,9,3,/boxes/PIT/PIT201505060.shtml
32,9,4,8,.469,1,1,9,1,30,4,4,11,.167,0,0,9,3,/boxes/CHA/CHA201505190.shtml
35,7,1,8,.286,0,0,8,5,27,6,5,3,.333,0,0,9,2,/boxes/CHA/CHA201505050.shtml
41,9,6,13,.341,2,1,11,1,40,10,3,11,.325,0,1,11,5,/boxes/HOU/HOU201505290.shtml
32,9,6,3,.344,1,0,8,4,29,7,4,7,.517,1,0,9,3,/boxes/NYN/NYN201506120.shtml
32,7,8,9,.250,0,0,9,0,31,5,1,8,.226,0,0,9,2,/boxes/MIA/MIA201506280.shtml
29,3,2,8,.172,0,0,8,11,41,17,1,5,.756,0,0,9,0,/boxes/ARI/ARI201505070.shtml
32,6,2,7,.313,1,2,9,1,32,6,2,10,.250,0,0,9,3,/boxes/SFN/SFN201506010.shtml
31,5,3,8,.323,0,0,8,4,35,13,4,4,.514,0,1,9,3,/boxes/MIA/MIA201505010.shtml
35,8,3,6,.343,0,1,8,13,36,16,6,5,.722,0,2,9,3,/boxes/NYA/NYA201504120.shtml
34,8,2,12,.265,0,0,8,7,36,14,2,13,.611,0,0,9,2,/boxes/SDN/SDN201506020.shtml
35,8,3,7,.400,1,0,9,3,31,5,3,5,.226,0,0,9,4,/boxes/TOR/TOR201505200.shtml
37,11,3,8,.432,0,0,8,7,34,13,2,7,.559,0,1,9,4,/boxes/BOS/BOS201506070.shtml
36,10,1,10,.389,0,0,8,7,30,7,3,8,.533,0,1,9,2,/boxes/PHI/PHI201504210.shtml
29,5,4,5,.276,0,0,8,11,44,21,1,8,.682,1,1,9,1,/boxes/LAN/LAN201505120.shtml
32,5,2,15,.250,0,0,8,4,28,4,4,6,.286,0,0,9,1,/boxes/MIA/MIA201506130.shtml
34,8,2,11,.265,0,0,9,0,28,4,4,5,.143,0,0,9,0,/boxes/TBA/TBA201504210.shtml
31,5,5,5,.226,0,0,8,7,38,13,2,6,.421,1,0,9,0,/boxes/TEX/TEX201505300.shtml
33,6,2,12,.242,0,0,8,4,33,10,1,10,.424,0,0,9,1,/boxes/SLN/SLN201505070.shtml
39,16,3,6,.615,1,4,9,5,36,13,2,2,.611,0,0,9,12,/boxes/BAL/BAL201504100.shtml
32,6,4,10,.281,1,0,9,1,33,6,1,15,.303,0,0,9,6,/boxes/ANA/ANA201506020.shtml
35,11,1,5,.457,0,0,9,4,32,6,1,5,.250,0,1,9,6,/boxes/KCA/KCA201505030.shtml
32,8,2,6,.375,1,1,9,0,32,6,3,9,.219,0,0,9,3,/boxes/SDN/SDN201504240.shtml
33,8,4,9,.515,0,0,8,9,36,13,4,4,.667,0,0,9,4,/boxes/CLE/CLE201505010.shtml
33,7,1,10,.394,2,0,8,4,32,9,1,7,.531,0,0,9,4,/boxes/NYA/NYA201504260.shtml
37,9,1,10,.432,0,0,8,4,37,13,2,3,.649,1,0,9,3,/boxes/BOS/BOS201505190.shtml
33,8,4,7,.333,0,0,9,1,31,6,1,10,.258,1,0,9,2,/boxes/PIT/PIT201506280.shtml
38,11,4,9,.421,0,0,8,2,33,9,4,4,.455,1,0,9,2,/boxes/TEX/TEX201504110.shtml
33,7,0,8,.394,0,0,9,0,30,4,3,13,.167,0,0,9,2,/boxes/HOU/HOU201504080.shtml
32,6,1,12,.188,0,0,8,3,28,7,3,6,.393,2,1,9,0,/boxes/HOU/HOU201506250.shtml
39,9,5,9,.308,0,0,11,0,40,7,2,13,.250,1,0,11,2,/boxes/NYN/NYN201507010.shtml
28,2,5,10,.107,0,0,8,12,39,14,7,8,.590,1,0,9,0,/boxes/HOU/HOU201506140.shtml
33,7,2,6,.242,0,0,8.2,1,27,3,3,5,.111,0,1,9,0,/boxes/CLE/CLE201506210.shtml
33,8,0,8,.303,0,0,8,2,29,7,3,8,.414,1,1,9,1,/boxes/MIN/MIN201506170.shtml
29,4,1,11,.172,0,0,8,4,28,5,3,5,.321,0,0,9,0,/boxes/BAL/BAL201506150.shtml
40,14,2,8,.725,0,0,9,1,34,9,3,14,.324,0,0,9,8,/boxes/BAL/BAL201506290.shtml
41,18,4,3,.683,0,0,9,5,34,9,4,5,.382,1,0,9,11,/boxes/CLE/CLE201504280.shtml
36,12,5,7,.417,0,1,9,1,34,9,0,7,.324,0,1,9,5,/boxes/LAN/LAN201506040.shtml
35,13,3,6,.514,0,1,8,5,32,9,1,6,.469,0,1,9,4,/boxes/MIN/MIN201505310.shtml
30,4,1,5,.333,0,0,8,3,32,9,1,7,.531,0,0,9,2,/boxes/BAL/BAL201507010.shtml
33,9,2,6,.424,1,0,8,7,31,11,7,4,.452,0,1,9,2,/boxes/PIT/PIT201505070.shtml
36,11,7,7,.611,1,0,9,5,36,9,3,6,.306,1,1,9,8,/boxes/CLE/CLE201504120.shtml
37,9,3,11,.541,0,0,9,7,34,8,7,9,.529,0,1,9,8,/boxes/CLE/CLE201505250.shtml
31,8,1,10,.387,1,2,8,4,29,6,2,5,.483,0,1,9,2,/boxes/HOU/HOU201505170.shtml
32,4,2,8,.156,0,1,9.2,2,34,7,2,13,.265,0,0,10,1,/boxes/CHA/CHA201505180.shtml
33,8,2,6,.424,0,2,8,4,28,5,6,6,.214,0,1,9,5,/boxes/MIN/MIN201505070.shtml
43,14,0,6,.419,1,0,10,2,42,13,2,7,.405,0,1,10,5,/boxes/TOR/TOR201505270.shtml
34,7,3,10,.353,0,0,9,0,28,3,2,2,.107,0,0,9,4,/boxes/KCA/KCA201506050.shtml
36,10,5,7,.333,0,1,10,3,38,12,2,10,.395,0,1,10,4,/boxes/TBA/TBA201506260.shtml
32,6,5,13,.500,0,0,9,5,36,10,3,9,.417,0,0,9,6,/boxes/ANA/ANA201505090.shtml
34,8,0,6,.265,0,0,8,7,37,16,2,8,.595,0,1,9,2,/boxes/MIN/MIN201505250.shtml
34,8,2,6,.382,0,1,8,5,32,10,2,5,.656,0,1,9,5,/boxes/BAL/BAL201506110.shtml
32,3,3,8,.188,0,0,9.2,1,33,5,3,8,.182,0,1,10,0,/boxes/CHN/CHN201506230.shtml
35,11,1,5,.486,0,0,8,7,35,15,3,5,.571,0,0,9,4,/boxes/COL/COL201506210.shtml
31,4,0,13,.355,2,0,8,3,32,8,4,7,.281,0,0,9,2,/boxes/SEA/SEA201506190.shtml
35,8,2,5,.257,0,0,8,2,26,4,0,3,.308,0,1,9,1,/boxes/SLN/SLN201504190.shtml
34,7,1,16,.412,0,0,8,7,32,10,5,9,.531,0,1,9,1,/boxes/LAN/LAN201504170.shtml
34,8,5,4,.265,1,0,8,5,34,11,1,6,.529,0,0,9,0,/boxes/KCA/KCA201505220.shtml
31,5,0,5,.161,0,0,8,2,27,2,3,8,.259,1,0,9,1,/boxes/NYN/NYN201506260.shtml
32,6,2,5,.250,0,0,8,13,35,12,4,6,.714,1,1,9,0,/boxes/MIN/MIN201505060.shtml
36,10,4,10,.667,0,0,9,1,29,4,1,9,.241,1,0,9,7,/boxes/ARI/ARI201506200.shtml
34,8,3,9,.324,0,0,8,3,31,8,2,3,.323,0,0,9,2,/boxes/OAK/OAK201506210.shtml
30,3,2,10,.133,1,0,8,4,30,9,0,6,.400,1,0,9,1,/boxes/BOS/BOS201504290.shtml
32,5,0,8,.250,3,0,8.2,2,31,6,2,9,.290,0,0,9,1,/boxes/BAL/BAL201505290.shtml
33,7,1,7,.212,0,0,8,8,33,12,4,9,.606,0,0,9,0,/boxes/MIA/MIA201504250.shtml
29,3,3,8,.172,0,0,8,2,30,9,4,4,.467,0,0,9,1,/boxes/SEA/SEA201506060.shtml
36,10,3,9,.361,0,0,9,2,34,8,4,8,.324,2,0,9,4,/boxes/PHI/PHI201506300.shtml
30,3,2,6,.100,0,0,8,5,33,10,2,4,.606,1,0,9,0,/boxes/SFN/SFN201505030.shtml
35,9,1,8,.343,0,1,8,5,35,14,2,7,.429,0,1,9,3,/boxes/TBA/TBA201506120.shtml
32,8,2,5,.500,2,2,9,2,33,7,2,6,.455,0,0,9,6,/boxes/LAN/LAN201506200.shtml
32,6,3,9,.219,0,1,8,2,28,5,5,7,.393,0,0,9,2,/boxes/WAS/WAS201505200.shtml
38,12,3,8,.395,0,1,9,2,34,7,1,11,.265,0,0,9,6,/boxes/NYN/NYN201504300.shtml
41,13,6,8,.683,1,1,9,10,38,12,3,15,.526,0,1,9,11,/boxes/MIL/MIL201504210.shtml
34,11,4,4,.382,1,0,8,9,38,15,2,4,.789,0,1,9,2,/boxes/MIN/MIN201506220.shtml
33,6,2,7,.242,1,0,8,4,30,7,4,8,.400,0,1,9,0,/boxes/KCA/KCA201505170.shtml
34,7,2,8,.265,0,0,8,4,33,9,5,5,.333,0,0,9,1,/boxes/WAS/WAS201504190.shtml
38,12,5,5,.500,0,0,9,3,33,7,1,11,.273,0,1,9,6,/boxes/TEX/TEX201504130.shtml
35,10,0,4,.343,0,0,8,4,31,9,1,9,.419,0,0,9,2,/boxes/KCA/KCA201506030.shtml
34,7,0,10,.324,0,0,9,1,33,8,3,5,.242,0,0,9,2,/boxes/ARI/ARI201504250.shtml
32,7,2,10,.344,0,1,9,1,29,4,2,9,.207,0,1,9,2,/boxes/HOU/HOU201505040.shtml
37,10,4,3,.432,0,0,8,7,37,14,2,2,.595,0,1,9,5,/boxes/MIN/MIN201504160.shtml
50,9,3,18,.240,0,1,13.1,2,47,10,4,14,.255,0,0,14,1,/boxes/NYN/NYN201505180.shtml
31,6,3,6,.355,1,0,9,2,28,4,4,9,.286,0,1,9,3,/boxes/TOR/TOR201505230.shtml
32,8,4,8,.438,0,1,8,6,34,11,6,0,.441,1,0,9,3,/boxes/COL/COL201505210.shtml
32,8,3,4,.344,0,1,8,3,31,7,3,6,.419,0,0,9,2,/boxes/NYN/NYN201504220.shtml
27,1,0,9,.037,0,0,8,2,30,6,0,9,.333,0,0,9,0,/boxes/LAN/LAN201505230.shtml
29,4,1,8,.276,0,0,8,3,31,10,2,7,.548,0,0,9,2,/boxes/MIL/MIL201504230.shtml
41,15,3,5,.512,0,0,9,2,33,9,1,7,.394,1,0,9,5,/boxes/MIN/MIN201506230.shtml
34,9,1,9,.471,1,0,9,1,34,7,1,8,.265,0,0,9,4,/boxes/PHI/PHI201505310.shtml
36,12,3,3,.528,2,1,9,3,36,9,1,9,.444,3,0,9,8,/boxes/TEX/TEX201505150.shtml
34,8,2,7,.412,0,0,9,3,34,7,3,12,.294,0,0,9,5,/boxes/CHN/CHN201504170.shtml
31,4,0,8,.129,0,0,8,4,32,11,2,5,.406,0,0,9,0,/boxes/CHN/CHN201504270.shtml
43,7,3,12,.186,0,0,12.2,2,45,9,6,12,.222,1,1,13,1,/boxes/ANA/ANA201506240.shtml
36,9,0,9,.417,0,0,8,5,35,11,2,5,.429,0,0,9,2,/boxes/PIT/PIT201505270.shtml
38,12,1,11,.474,0,0,9,0,29,2,2,3,.069,0,0,9,3,/boxes/WAS/WAS201506170.shtml
44,17,1,10,.614,0,1,9,3,34,9,4,6,.353,0,0,9,12,/boxes/COL/COL201504200.shtml
29,2,0,13,.069,0,0,8,5,27,9,7,5,.556,0,0,9,0,/boxes/NYN/NYN201505210.shtml
32,7,5,8,.344,0,1,9,2,33,8,2,13,.333,0,0,9,7,/boxes/SEA/SEA201506010.shtml
38,13,10,11,.658,1,0,9,4,34,8,3,9,.353,0,1,9,14,/boxes/MIL/MIL201505070.shtml
31,5,2,5,.323,1,0,8,6,31,9,5,8,.419,0,0,9,3,/boxes/LAN/LAN201504180.shtml
32,4,2,7,.125,0,0,8,2,27,4,1,9,.259,0,0,9,0,/boxes/SEA/SEA201506170.shtml
30,4,3,10,.233,0,0,8,6,36,14,1,13,.556,0,1,9,2,/boxes/MIA/MIA201504260.shtml
30,4,3,7,.133,1,0,8,6,32,9,5,2,.531,2,0,9,0,/boxes/BAL/BAL201505130.shtml
41,15,3,10,.537,0,1,9,1,32,6,2,7,.313,0,0,9,11,/boxes/ARI/ARI201505110.shtml
32,6,2,7,.250,0,0,8,4,31,9,1,6,.516,1,2,9,3,/boxes/KCA/KCA201506070.shtml
32,6,0,9,.219,0,0,8,3,30,7,1,7,.267,0,0,9,0,/boxes/BAL/BAL201505170.shtml
31,6,4,8,.290,0,1,8,7,32,12,3,5,.719,0,0,9,3,/boxes/TEX/TEX201505290.shtml
31,6,3,4,.290,1,0,8.2,4,34,9,4,7,.382,1,1,9,2,/boxes/NYN/NYN201506110.shtml
33,6,0,8,.212,0,0,8,6,33,13,4,7,.606,1,1,9,0,/boxes/MIA/MIA201505020.shtml
38,13,1,6,.500,0,0,9,0,31,6,1,2,.226,0,0,9,8,/boxes/WAS/WAS201506030.shtml
32,7,2,10,.469,0,0,8,9,37,13,2,8,.514,0,0,9,2,/boxes/PHI/PHI201506210.shtml
29,4,2,12,.241,1,0,8,4,32,10,1,3,.563,0,0,9,1,/boxes/SEA/SEA201504060.shtml
28,6,4,4,.214,0,1,9,0,35,7,1,3,.257,1,0,9,0,/boxes/OAK/OAK201505260.shtml
39,14,2,9,.590,1,1,9,6,38,12,0,7,.474,1,0,9,8,/boxes/BOS/BOS201506250.shtml
30,3,3,10,.233,0,0,8,2,33,10,1,8,.455,1,0,9,1,/boxes/MIA/MIA201506150.shtml
38,13,1,16,.553,0,0,9,0,28,2,0,9,.071,0,0,9,6,/boxes/SDN/SDN201506010.shtml
35,9,2,9,.343,0,0,8,4,32,9,2,8,.438,1,0,9,4,/boxes/TBA/TBA201506130.shtml
36,10,0,5,.639,0,0,9,0,30,3,1,9,.133,0,0,9,6,/boxes/NYN/NYN201505150.shtml
34,10,4,2,.412,0,1,8,7,29,9,4,9,.552,0,1,9,5,/boxes/PIT/PIT201505090.shtml
31,5,2,6,.226,1,0,8,3,33,13,3,5,.394,0,0,9,0,/boxes/ATL/ATL201506100.shtml
29,3,1,13,.138,1,0,8,2,25,5,8,7,.240,0,0,9,0,/boxes/TBA/TBA201504080.shtml
36,11,4,3,.694,0,0,9,2,31,5,3,10,.194,0,1,9,6,/boxes/ARI/ARI201506070.shtml
34,6,2,11,.294,0,0,8,2,26,5,2,4,.308,0,0,9,1,/boxes/PHI/PHI201506180.shtml
37,11,5,8,.595,0,0,9,5,34,8,2,8,.324,0,1,9,6,/boxes/WAS/WAS201504220.shtml
36,10,3,7,.417,0,0,8,3,30,7,1,4,.333,0,0,9,2,/boxes/SEA/SEA201504220.shtml
41,6,2,7,.146,0,1,10.1,2,40,12,6,13,.325,0,0,11,0,/boxes/TEX/TEX201506040.shtml
29,3,3,9,.103,0,0,8,1,29,7,2,2,.310,0,0,9,0,/boxes/BOS/BOS201506020.shtml
31,5,1,5,.194,0,0,8,7,33,10,6,3,.485,0,0,9,0,/boxes/DET/DET201504090.shtml
36,11,4,7,.500,0,0,9,2,31,4,1,5,.194,1,0,9,3,/boxes/OAK/OAK201506260.shtml
31,4,3,8,.129,0,0,8,10,34,11,5,10,.735,0,0,9,0,/boxes/HOU/HOU201506120.shtml
30,4,2,9,.167,0,0,9,0,31,4,0,13,.129,0,0,9,2,/boxes/TBA/TBA201505010.shtml
37,11,1,9,.432,0,0,9,2,36,9,1,6,.278,0,0,9,5,/boxes/SFN/SFN201506030.shtml
36,10,4,8,.472,1,0,8,10,31,13,7,4,.677,0,2,9,7,/boxes/CLE/CLE201505030.shtml
38,16,4,6,.711,1,1,9,5,37,11,1,6,.541,0,0,9,9,/boxes/COL/COL201506190.shtml
31,5,5,11,.194,1,0,8,12,34,13,4,2,.794,0,0,9,2,/boxes/ANA/ANA201505280.shtml
30,4,2,7,.167,1,0,8,5,33,9,4,7,.455,0,0,9,1,/boxes/NYN/NYN201505170.shtml
33,8,1,8,.364,1,0,8,3,32,11,1,7,.438,0,1,9,2,/boxes/BOS/BOS201506050.shtml
30,3,5,9,.233,0,0,8,6,35,10,2,10,.429,0,0,9,1,/boxes/TOR/TOR201506180.shtml
31,7,2,12,.355,2,0,8,5,33,9,5,10,.636,1,0,9,3,/boxes/LAN/LAN201504060.shtml
37,9,4,4,.405,0,0,9,2,31,7,0,4,.258,1,0,9,2,/boxes/COL/COL201505200.shtml
38,13,3,9,.579,0,0,9,3,34,7,3,1,.324,0,0,9,6,/boxes/CLE/CLE201505080.shtml
29,3,2,11,.103,1,1,8,2,27,6,6,8,.259,0,0,9,1,/boxes/ATL/ATL201505240.shtml
33,9,4,7,.424,0,0,8,3,29,9,3,6,.552,0,0,9,1,/boxes/MIN/MIN201505300.shtml
30,5,5,6,.300,1,1,8,5,31,13,3,7,.548,1,3,9,4,/boxes/ATL/ATL201504270.shtml
29,3,1,9,.172,0,0,8,2,28,6,5,11,.321,0,0,9,1,/boxes/SEA/SEA201505290.shtml
34,8,2,7,.294,0,1,9,1,30,4,4,7,.233,0,0,9,3,/boxes/OAK/OAK201506270.shtml
30,5,4,7,.167,2,1,8,5,34,11,3,7,.471,0,0,9,1,/boxes/COL/COL201504100.shtml
31,4,1,11,.419,1,0,9,2,32,8,2,8,.438,0,0,9,3,/boxes/ANA/ANA201505040.shtml
31,6,4,6,.452,0,0,8,4,32,11,3,6,.531,0,1,9,3,/boxes/NYA/NYA201505070.shtml
35,9,2,6,.371,1,1,8,5,31,8,4,4,.452,0,0,9,4,/boxes/ANA/ANA201505050.shtml
34,13,5,5,.559,2,0,9,1,32,5,2,9,.219,0,0,9,5,/boxes/TEX/TEX201505280.shtml
39,13,0,7,.487,0,0,9,1,30,3,0,9,.200,0,0,9,6,/boxes/BAL/BAL201505160.shtml
39,14,3,8,.436,0,2,9,0,28,3,7,9,.107,0,0,9,8,/boxes/ARI/ARI201504260.shtml
33,9,5,6,.515,0,1,9,1,31,3,1,7,.226,0,0,9,6,/boxes/MIL/MIL201504200.shtml
38,12,1,11,.605,1,0,9,5,37,10,1,7,.351,0,0,9,10,/boxes/MIN/MIN201506050.shtml
38,8,3,6,.316,0,0,9.2,8,36,10,5,12,.639,0,0,10,6,/boxes/WAS/WAS201505190.shtml
33,7,4,6,.303,0,0,8,7,34,11,2,3,.706,0,0,9,1,/boxes/OAK/OAK201506290.shtml
34,8,4,6,.324,0,0,8,5,32,9,2,6,.406,0,0,9,2,/boxes/SLN/SLN201504290.shtml
35,9,1,12,.457,1,1,8,5,31,8,5,4,.548,0,0,9,4,/boxes/MIA/MIA201507020.shtml
30,5,6,9,.467,0,0,9,4,34,8,3,9,.412,0,0,9,5,/boxes/TBA/TBA201504170.shtml
38,12,3,3,.342,0,0,8,5,30,11,2,7,.467,0,0,9,4,/boxes/WAS/WAS201505100.shtml
36,9,4,5,.472,0,1,9,1,33,6,0,6,.212,0,1,9,5,/boxes/KCA/KCA201505160.shtml
31,5,1,5,.258,0,1,9,0,34,7,0,13,.235,0,0,9,2,/boxes/SEA/SEA201506070.shtml
32,7,5,6,.219,0,0,9,2,30,4,3,4,.233,0,1,9,4,/boxes/SFN/SFN201506130.shtml
37,9,6,3,.514,0,0,8,16,44,20,4,5,.659,0,1,9,6,/boxes/BAL/BAL201504260.shtml
36,12,3,6,.639,0,0,9,0,34,8,4,10,.235,0,1,9,6,/boxes/DET/DET201505130.shtml
32,8,5,4,.438,1,2,9,4,38,12,2,12,.500,1,0,9,5,/boxes/DET/DET201506130.shtml
52,14,8,15,.365,3,2,14,4,56,17,1,16,.411,1,0,14,4,/boxes/DET/DET201506300.shtml
37,9,4,10,.270,0,0,10,0,34,5,2,9,.147,1,0,10,4,/boxes/ANA/ANA201505260.shtml
35,11,2,8,.343,0,1,8,9,39,13,2,8,.744,0,0,9,2,/boxes/CIN/CIN201506090.shtml
54,17,3,12,.463,1,0,13,1,47,11,6,6,.277,0,0,13,4,/boxes/PIT/PIT201506250.shtml
34,11,1,7,.588,0,1,9,1,32,7,3,9,.250,0,0,9,4,/boxes/CLE/CLE201506190.shtml
34,8,1,4,.353,0,0,8,3,33,9,0,6,.485,0,1,9,2,/boxes/MIN/MIN201505150.shtml
39,14,1,9,.795,1,1,9,3,31,7,2,11,.484,1,1,9,11,/boxes/TBA/TBA201505110.shtml
37,6,1,4,.189,0,0,10.2,0,41,9,3,17,.244,1,0,11,0,/boxes/PIT/PIT201506140.shtml
32,7,2,6,.406,0,0,9,1,34,7,1,11,.265,0,0,9,2,/boxes/TEX/TEX201504280.shtml
37,10,2,11,.378,0,0,8,9,37,18,1,3,.865,0,0,9,4,/boxes/BOS/BOS201506160.shtml
34,8,1,4,.382,0,1,9,2,31,6,3,14,.387,0,0,9,4,/boxes/MIN/MIN201504180.shtml
31,4,2,8,.129,0,0,8,4,28,6,2,5,.536,1,0,9,0,/boxes/BAL/BAL201506281.shtml
31,7,3,7,.258,0,0,8,2,31,8,5,10,.387,0,0,9,1,/boxes/COL/COL201504230.shtml
31,8,3,4,.258,3,0,8,6,45,19,1,8,.622,1,0,9,2,/boxes/MIN/MIN201505030.shtml
40,12,1,5,.450,2,1,9,8,40,14,5,8,.575,0,0,10,2,/boxes/TEX/TEX201505020.shtml
33,8,1,9,.303,0,1,8,6,28,6,8,12,.250,0,0,9,3,/boxes/NYN/NYN201504230.shtml
32,7,4,6,.344,0,0,8,7,32,12,1,4,.625,0,1,9,3,/boxes/MIA/MIA201504290.shtml
31,6,0,4,.226,1,0,8,2,29,6,2,4,.276,0,0,9,1,/boxes/ATL/ATL201506190.shtml
28,4,4,7,.250,0,0,8.1,2,28,5,5,5,.250,0,0,9,1,/boxes/CIN/CIN201505260.shtml
38,7,7,12,.184,1,0,11,2,37,7,6,5,.324,0,1,11,5,/boxes/ATL/ATL201506110.shtml
47,10,4,7,.255,0,0,12,2,49,11,8,8,.347,0,0,13,0,/boxes/NYN/NYN201506270.shtml
37,11,2,7,.595,0,0,9,5,41,15,4,15,.537,1,0,9,8,/boxes/TBA/TBA201506220.shtml
30,3,2,14,.233,0,0,9,0,26,4,1,8,.154,1,0,9,3,/boxes/TBA/TBA201505270.shtml
34,11,1,2,.382,0,0,9,1,31,5,4,13,.226,1,0,9,4,/boxes/SLN/SLN201504270.shtml
35,9,3,4,.371,0,0,9,2,32,5,3,11,.188,0,0,9,3,/boxes/HOU/HOU201506260.shtml
36,8,3,8,.333,1,0,8,7,32,10,4,4,.656,1,0,9,2,/boxes/TBA/TBA201505090.shtml
41,16,4,4,.610,0,0,9,5,34,8,6,6,.382,0,0,9,13,/boxes/BOS/BOS201506140.shtml
33,5,2,9,.273,1,0,8,9,42,20,1,8,.571,0,1,9,2,/boxes/SDN/SDN201504110.shtml
29,5,1,8,.241,1,1,8,5,34,10,1,7,.412,1,0,9,2,/boxes/ANA/ANA201505120.shtml
28,2,0,8,.107,1,0,8,4,30,6,2,7,.433,0,0,9,0,/boxes/OAK/OAK201507020.shtml
38,11,1,13,.526,0,0,8,6,35,12,3,9,.686,0,0,9,4,/boxes/LAN/LAN201504080.shtml
30,4,3,9,.167,1,0,8,5,32,9,3,8,.500,0,0,9,0,/boxes/CIN/CIN201506190.shtml
35,10,2,4,.371,0,1,9,0,28,2,1,4,.071,0,0,9,6,/boxes/MIA/MIA201505170.shtml
31,4,2,8,.355,0,0,8,5,29,6,1,9,.448,1,0,9,3,/boxes/KCA/KCA201505050.shtml
43,9,7,12,.349,0,0,10.1,4,38,7,4,10,.289,0,1,11,4,/boxes/PHI/PHI201506030.shtml
33,6,2,11,.455,0,0,8,4,29,9,3,8,.621,0,0,9,3,/boxes/HOU/HOU201505010.shtml
31,4,2,11,.194,0,0,8,4,33,10,0,6,.545,0,0,9,0,/boxes/CIN/CIN201506070.shtml
31,6,3,9,.452,0,1,9,3,34,8,1,5,.353,0,1,9,6,/boxes/HOU/HOU201504170.shtml
35,7,3,7,.229,0,0,8,6,33,10,3,9,.485,0,1,9,0,/boxes/HOU/HOU201505200.shtml
34,9,0,3,.382,0,0,8,4,30,10,2,6,.567,0,0,9,2,/boxes/PIT/PIT201505250.shtml
35,9,6,13,.314,1,1,9,3,32,7,2,8,.250,0,0,9,5,/boxes/SEA/SEA201504210.shtml
28,5,2,12,.179,0,1,8,6,35,11,7,9,.657,0,0,9,1,/boxes/CHN/CHN201505120.shtml
30,6,2,7,.333,0,0,8,5,29,7,2,8,.379,0,1,9,1,/boxes/COL/COL201506200.shtml
36,10,2,8,.389,0,0,9,1,32,5,1,10,.188,0,0,9,2,/boxes/LAN/LAN201504280.shtml
38,13,3,9,.711,0,1,9,3,32,7,2,8,.406,0,0,9,11,/boxes/HOU/HOU201505060.shtml
32,7,2,4,.406,0,0,9,1,34,7,0,5,.294,0,0,9,6,/boxes/MIA/MIA201506240.shtml
34,5,3,9,.206,0,0,9,1,31,3,1,10,.194,0,0,9,0,/boxes/WAS/WAS201504060.shtml
35,8,2,4,.429,0,0,9,2,33,9,2,8,.394,0,0,9,3,/boxes/DET/DET201505180.shtml
34,8,4,9,.382,0,0,9,1,30,5,2,10,.167,1,0,9,2,/boxes/TBA/TBA201505100.shtml
34,8,1,9,.294,0,0,9,0,30,5,5,12,.200,0,0,9,2,/boxes/PIT/PIT201506080.shtml
33,7,2,8,.485,0,1,9,1,31,5,1,7,.355,0,0,9,3,/boxes/OAK/OAK201506180.shtml
40,14,4,10,.525,0,0,9,4,38,11,3,8,.447,1,0,9,7,/boxes/SFN/SFN201506020.shtml
36,10,4,4,.444,0,0,8,4,27,6,4,3,.407,0,0,9,4,/boxes/PHI/PHI201504260.shtml
32,7,4,5,.281,0,0,8,5,34,12,2,5,.529,0,0,9,1,/boxes/TOR/TOR201505060.shtml
33,7,0,10,.212,0,0,9,1,31,6,4,6,.258,0,0,9,2,/boxes/OAK/OAK201506300.shtml
37,10,1,5,.378,1,0,9,3,34,7,1,16,.382,1,0,9,4,/boxes/SEA/SEA201505280.shtml
37,11,4,7,.486,1,0,9,1,33,7,1,7,.424,0,0,9,5,/boxes/BOS/BOS201505040.shtml
30,6,6,5,.267,0,0,9,4,31,7,2,5,.387,0,1,9,5,/boxes/PHI/PHI201506040.shtml
33,8,2,11,.424,0,0,8,3,35,9,3,7,.429,0,0,9,3,/boxes/ATL/ATL201504100.shtml
49,14,4,8,.449,0,1,12,4,43,9,5,13,.279,0,0,12,6,/boxes/ARI/ARI201505090.shtml
37,11,3,9,.432,0,0,9,2,33,8,1,10,.394,0,0,9,4,/boxes/COL/COL201506100.shtml
39,14,5,5,.513,0,0,9,2,36,8,0,7,.306,0,0,9,6,/boxes/WAS/WAS201506070.shtml
39,13,3,7,.692,0,0,9,8,38,15,2,5,.553,0,1,9,9,/boxes/COL/COL201506022.shtml
29,6,6,5,.345,1,1,9,5,32,5,4,11,.406,1,0,9,6,/boxes/TBA/TBA201504070.shtml
32,8,2,6,.500,0,1,9,0,29,3,1,8,.103,0,0,9,3,/boxes/BAL/BAL201505300.shtml
47,13,2,7,.319,1,0,13,2,46,7,4,14,.196,1,0,13,3,/boxes/CHA/CHA201504230.shtml
46,19,3,8,.500,1,0,9,3,31,6,2,9,.226,0,0,9,11,/boxes/MIN/MIN201505170.shtml
26,2,6,8,.077,0,0,8,3,29,8,0,7,.379,0,1,9,2,/boxes/SDN/SDN201506260.shtml
44,15,2,6,.523,0,0,9,2,32,6,2,10,.250,0,0,9,7,/boxes/TBA/TBA201506090.shtml
32,6,0,6,.188,0,0,8,2,28,7,0,3,.250,1,1,9,0,/boxes/ANA/ANA201505080.shtml
42,13,0,7,.452,0,0,9.1,7,36,10,5,4,.556,0,0,10,6,/boxes/CHN/CHN201504130.shtml
38,10,3,10,.395,0,0,9,3,33,8,3,6,.333,0,0,9,5,/boxes/OAK/OAK201505170.shtml
33,7,3,8,.364,0,0,8,4,33,9,2,8,.303,0,0,9,2,/boxes/TBA/TBA201505030.shtml
31,5,2,3,.290,0,1,8,12,42,17,3,2,.619,0,1,9,1,/boxes/KCA/KCA201505150.shtml
34,8,3,6,.353,0,1,8,5,32,9,2,5,.500,0,1,9,4,/boxes/OAK/OAK201505280.shtml
38,12,2,6,.474,0,1,9,2,31,6,1,7,.290,1,0,9,5,/boxes/MIL/MIL201504070.shtml
32,8,0,8,.438,1,2,8.1,5,31,6,3,6,.323,1,0,9,4,/boxes/DET/DET201506280.shtml
39,14,3,7,.641,0,0,9,4,35,8,2,7,.429,0,1,9,8,/boxes/MIA/MIA201504120.shtml
33,8,2,10,.333,0,0,9,2,31,5,4,14,.323,0,1,9,3,/boxes/HOU/HOU201506040.shtml
34,7,2,8,.353,1,0,8,4,33,10,4,8,.424,0,0,9,2,/boxes/CHA/CHA201506090.shtml
38,13,2,17,.605,0,0,9,4,33,7,6,11,.364,0,0,9,8,/boxes/COL/COL201506180.shtml
35,10,7,6,.286,0,0,9,0,32,6,3,9,.219,1,0,9,4,/boxes/TBA/TBA201505230.shtml
50,11,3,9,.460,0,0,14,4,49,9,7,9,.204,4,1,14,6,/boxes/TEX/TEX201504120.shtml
37,10,4,8,.324,1,0,9,1,31,4,1,6,.161,0,0,9,4,/boxes/SDN/SDN201505300.shtml
32,7,3,10,.281,0,0,8,8,38,14,2,10,.526,0,0,9,1,/boxes/KCA/KCA201504300.shtml
32,6,3,10,.313,0,0,8,7,30,9,4,10,.467,0,1,9,2,/boxes/ARI/ARI201506050.shtml
33,5,2,10,.364,0,0,8,3,32,10,2,7,.469,0,0,9,2,/boxes/SLN/SLN201506130.shtml
33,9,1,7,.273,0,0,9,0,31,6,2,10,.226,0,0,9,1,/boxes/NYN/NYN201505020.shtml
40,12,0,6,.575,1,0,9,2,31,5,2,7,.290,0,0,9,8,/boxes/NYA/NYA201504250.shtml
34,9,1,9,.618,0,1,9,5,36,10,5,10,.417,0,1,9,6,/boxes/SEA/SEA201504200.shtml
30,4,1,7,.200,1,0,8,4,31,8,2,2,.516,0,0,9,1,/boxes/KCA/KCA201504090.shtml
30,5,2,8,.267,0,0,8,6,32,10,4,6,.469,0,0,9,1,/boxes/TBA/TBA201505140.shtml
38,15,2,3,.605,1,1,9,2,32,5,2,6,.281,1,0,9,10,/boxes/NYN/NYN201505190.shtml
30,3,4,10,.133,0,0,8,6,33,12,6,5,.515,1,0,9,0,/boxes/SFN/SFN201505080.shtml
42,15,5,11,.476,0,0,9,3,32,8,1,10,.281,0,0,9,13,/boxes/ATL/ATL201504290.shtml
37,12,5,10,.514,0,1,9,0,31,4,0,7,.161,0,0,9,8,/boxes/MIN/MIN201506210.shtml
35,9,0,11,.543,0,0,8,7,34,12,3,6,.588,0,1,9,5,/boxes/WAS/WAS201506050.shtml
32,6,5,9,.281,0,0,9,1,25,2,6,8,.080,1,1,9,2,/boxes/HOU/HOU201505180.shtml
32,5,2,5,.188,0,0,8,6,33,9,3,9,.545,0,0,9,3,/boxes/HOU/HOU201506150.shtml
42,16,4,5,.881,0,0,9,2,35,9,4,5,.314,0,0,9,13,/boxes/KCA/KCA201506210.shtml
45,9,3,15,.244,0,0,12.2,1,43,7,5,10,.163,1,0,13,0,/boxes/MIA/MIA201505230.shtml
40,12,3,11,.525,0,1,9,3,36,9,3,12,.361,1,0,9,6,/boxes/CLE/CLE201506070.shtml
34,11,6,8,.412,1,2,9,2,35,8,2,6,.429,0,0,9,8,/boxes/ATL/ATL201504140.shtml
34,8,5,6,.265,1,0,8,6,31,11,7,4,.484,2,3,9,1,/boxes/TBA/TBA201506150.shtml
40,14,3,7,.500,0,0,8,9,36,14,4,9,.778,0,0,9,8,/boxes/NYN/NYN201506140.shtml
31,7,1,6,.290,2,0,8,2,33,11,3,4,.485,0,0,9,2,/boxes/PHI/PHI201505140.shtml
39,12,1,8,.385,0,0,9,1,34,7,0,9,.235,0,0,9,5,/boxes/SFN/SFN201506150.shtml
30,6,2,11,.200,2,0,8,3,30,7,3,8,.267,0,0,9,2,/boxes/PHI/PHI201505130.shtml
34,6,1,10,.176,0,0,8,4,33,11,2,5,.485,0,0,9,0,/boxes/SLN/SLN201504160.shtml
32,5,2,7,.219,0,0,8,1,27,6,4,9,.444,0,1,9,0,/boxes/SFN/SFN201506240.shtml
37,9,5,10,.324,0,0,9,3,39,15,2,8,.487,0,0,10,2,/boxes/SLN/SLN201505250.shtml
38,10,1,3,.395,0,0,9,0,32,10,1,6,.500,0,0,9,5,/boxes/HOU/HOU201505310.shtml
39,12,3,10,.333,2,1,9,5,31,6,1,13,.387,1,0,9,6,/boxes/PHI/PHI201506060.shtml
42,12,7,10,.524,0,0,11,4,42,12,0,3,.429,0,0,11,5,/boxes/COL/COL201504250.shtml
34,10,5,11,.471,1,2,9,0,30,3,2,10,.133,0,0,9,9,/boxes/TBA/TBA201504180.shtml
37,11,3,8,.486,0,0,8,6,31,8,3,9,.452,0,0,9,3,/boxes/SLN/SLN201505260.shtml
31,4,1,9,.161,1,0,8,1,29,6,3,7,.241,0,1,9,1,/boxes/CIN/CIN201507010.shtml
36,13,4,5,.556,2,1,9,3,32,5,2,9,.375,0,0,9,10,/boxes/KCA/KCA201505060.shtml
35,10,2,9,.314,1,1,9,0,28,1,1,16,.036,0,0,9,4,/boxes/MIL/MIL201506140.shtml
34,11,4,9,.382,1,1,9,2,37,9,0,5,.378,0,0,9,4,/boxes/KCA/KCA201506060.shtml
34,8,0,8,.324,0,0,8,4,29,6,2,6,.414,0,0,9,0,/boxes/HOU/HOU201506300.shtml
35,9,2,7,.457,1,0,8,11,35,15,5,2,.743,0,0,9,7,/boxes/TEX/TEX201506130.shtml
33,8,2,5,.364,0,0,9,0,31,3,3,14,.129,0,0,9,4,/boxes/CLE/CLE201504140.shtml
33,6,9,8,.212,0,0,8,11,36,15,4,7,.972,1,0,9,2,/boxes/SEA/SEA201505120.shtml
37,12,1,7,.622,1,0,9,4,31,6,4,7,.419,0,0,9,5,/boxes/PHI/PHI201506050.shtml
36,9,3,12,.361,0,0,8,4,33,9,1,6,.364,0,0,9,2,/boxes/NYA/NYA201504280.shtml
34,6,0,8,.441,1,0,9,4,31,5,2,3,.484,0,0,9,5,/boxes/SDN/SDN201506280.shtml
32,6,2,6,.281,0,0,8,4,32,7,3,8,.344,1,0,9,2,/boxes/SFN/SFN201505290.shtml
36,10,3,7,.472,0,0,9,4,33,6,3,2,.394,0,0,9,6,/boxes/CIN/CIN201505270.shtml
31,6,6,9,.355,0,0,9,0,32,8,3,8,.344,0,0,9,4,/boxes/CHN/CHN201506250.shtml
37,11,2,9,.514,0,0,8,9,39,15,0,4,.744,0,0,9,4,/boxes/BAL/BAL201506130.shtml
37,7,3,6,.378,0,1,10,7,41,14,4,5,.488,0,0,10,5,/boxes/OAK/OAK201504120.shtml
32,7,3,11,.344,0,0,9,1,34,8,3,12,.471,0,0,9,2,/boxes/CLE/CLE201505140.shtml
38,10,5,8,.289,1,0,9,1,30,5,0,7,.333,0,0,9,1,/boxes/PHI/PHI201504220.shtml
41,10,7,12,.439,0,0,12,2,45,11,4,15,.244,0,0,12,4,/boxes/SDN/SDN201506140.shtml
33,6,1,7,.212,0,0,9,1,31,8,1,7,.290,0,0,9,2,/boxes/MIA/MIA201504060.shtml
40,14,4,6,.600,0,0,9,8,39,13,4,6,.487,0,0,9,11,/boxes/COL/COL201505220.shtml
33,8,3,6,.273,1,0,8,14,37,14,7,7,.838,1,0,9,1,/boxes/NYA/NYA201505250.shtml
34,8,2,7,.471,2,0,9,4,40,13,2,11,.475,0,0,9,8,/boxes/PIT/PIT201505190.shtml
33,8,1,6,.333,0,0,9,2,37,9,6,6,.297,0,0,9,3,/boxes/SLN/SLN201504130.shtml
36,13,2,8,.361,1,1,9,2,28,3,3,6,.250,0,1,9,3,/boxes/CHA/CHA201506180.shtml
38,11,3,12,.711,2,0,9,5,38,11,3,6,.526,0,0,9,7,/boxes/MIL/MIL201505290.shtml
36,9,1,12,.250,1,0,8,5,30,7,3,7,.433,0,1,9,1,/boxes/NYN/NYN201505060.shtml
28,3,1,11,.143,0,1,8,3,31,9,2,4,.323,1,1,9,2,/boxes/CHA/CHA201505220.shtml
38,13,2,12,.632,1,0,8,7,36,12,4,7,.528,0,1,9,8,/boxes/ARI/ARI201506030.shtml
41,11,7,10,.317,0,0,11,4,38,8,3,5,.316,0,0,11,5,/boxes/OAK/OAK201504240.shtml
31,5,2,3,.194,0,0,8,4,31,8,3,7,.484,0,0,9,0,/boxes/SEA/SEA201505170.shtml
34,8,0,8,.382,0,0,8,10,36,12,7,7,.528,1,0,9,3,/boxes/TOR/TOR201506080.shtml
34,8,0,6,.235,0,0,8,2,29,5,3,6,.414,0,0,9,0,/boxes/BOS/BOS201505050.shtml
30,7,2,7,.367,0,2,9,1,32,5,1,6,.250,0,0,9,3,/boxes/BAL/BAL201505150.shtml
33,6,3,4,.333,0,0,9,1,32,5,2,12,.188,0,0,9,2,/boxes/KCA/KCA201506020.shtml
34,7,4,10,.265,1,0,9,0,31,5,2,7,.161,0,0,9,4,/boxes/CHA/CHA201505070.shtml
30,7,6,6,.300,0,0,8,6,35,13,2,6,.543,0,0,9,2,/boxes/SFN/SFN201504210.shtml
34,8,0,6,.265,3,0,9,1,30,5,3,7,.233,0,0,9,3,/boxes/OAK/OAK201504070.shtml
35,8,2,11,.343,0,0,8,4,33,9,3,9,.515,0,0,9,1,/boxes/NYA/NYA201505270.shtml
43,18,5,6,.791,1,0,9,0,29,4,2,6,.138,0,0,9,10,/boxes/CLE/CLE201506170.shtml
39,12,4,11,.436,0,0,9,4,34,9,1,7,.412,0,0,9,4,/boxes/SDN/SDN201504130.shtml
34,7,2,13,.294,1,0,8,3,30,8,3,11,.333,0,1,9,2,/boxes/CLE/CLE201506180.shtml
36,10,2,5,.444,0,0,9,0,35,7,2,8,.229,1,0,9,5,/boxes/CHN/CHN201504190.shtml
32,5,4,10,.250,0,0,8,12,39,15,4,9,.615,0,1,9,1,/boxes/ANA/ANA201504210.shtml
30,6,1,7,.233,2,0,8.1,2,29,7,4,10,.276,1,0,9,1,/boxes/CHN/CHN201505130.shtml
37,13,5,6,.514,1,2,9,5,34,9,2,3,.500,0,0,9,8,/boxes/CLE/CLE201506220.shtml
32,11,6,3,.625,0,0,9,4,34,9,2,8,.382,0,1,9,5,/boxes/MIN/MIN201504270.shtml
32,6,1,10,.281,0,1,9,2,33,7,2,7,.364,1,0,9,3,/boxes/SFN/SFN201504150.shtml
39,13,0,10,.436,0,0,9,2,38,12,2,7,.500,0,0,9,3,/boxes/MIA/MIA201505150.shtml
40,14,2,10,.525,0,0,9,0,34,8,4,5,.235,0,0,9,8,/boxes/SFN/SFN201505300.shtml
31,4,2,8,.129,0,0,8,4,32,10,4,5,.469,0,0,9,0,/boxes/SFN/SFN201505050.shtml
32,9,3,3,.500,0,0,9,1,33,9,1,9,.394,1,0,9,3,/boxes/ANA/ANA201506260.shtml
40,14,3,5,.525,0,0,8,5,36,11,2,7,.444,0,0,9,5,/boxes/ATL/ATL201506090.shtml
39,15,4,14,.692,1,1,9,5,37,10,4,7,.622,1,0,9,8,/boxes/BAL/BAL201505310.shtml
31,4,6,8,.290,0,0,8,7,36,12,4,8,.444,1,0,9,4,/boxes/KCA/KCA201505070.shtml
27,1,2,6,.037,0,0,8,7,32,11,6,4,.563,1,1,9,0,/boxes/OAK/OAK201506110.shtml
29,3,2,7,.103,0,0,8,12,40,16,4,6,.600,0,0,9,0,/boxes/OAK/OAK201504100.shtml
42,10,3,7,.405,0,0,11,4,42,12,3,6,.357,0,0,11,2,/boxes/OAK/OAK201504110.shtml
36,11,3,8,.472,1,0,8,4,30,8,3,7,.567,0,0,9,3,/boxes/HOU/HOU201505130.shtml
31,6,1,6,.226,1,0,8,4,34,12,2,3,.529,0,0,9,0,/boxes/WAS/WAS201506250.shtml
34,9,2,7,.382,0,0,8,5,31,9,7,7,.355,1,0,9,2,/boxes/LAN/LAN201504150.shtml
35,8,2,8,.257,0,0,8,1,25,1,3,4,.160,0,0,9,0,/boxes/ANA/ANA201504230.shtml
36,11,1,4,.417,0,0,8,3,32,10,2,12,.594,0,0,9,2,/boxes/ARI/ARI201506170.shtml
33,6,2,6,.364,0,0,8,5,33,8,5,10,.515,1,0,9,3,/boxes/CHN/CHN201506110.shtml
37,11,1,12,.649,1,0,8,8,31,7,1,4,.581,3,0,9,6,/boxes/SDN/SDN201505030.shtml
34,8,0,8,.353,0,1,8,3,30,4,2,6,.167,1,0,9,2,/boxes/ARI/ARI201506210.shtml
32,5,0,11,.281,0,0,8,5,35,12,6,8,.400,1,0,9,2,/boxes/CHN/CHN201504280.shtml
30,4,0,5,.167,0,0,8,9,36,12,4,5,.667,0,0,9,2,/boxes/OAK/OAK201505120.shtml
35,8,4,8,.400,1,0,8,7,36,14,2,6,.639,0,0,9,3,/boxes/MIA/MIA201506030.shtml
34,7,2,8,.441,0,0,9,0,30,5,0,7,.167,0,0,9,3,/boxes/SDN/SDN201505210.shtml
42,9,2,14,.286,0,0,11,1,40,8,2,14,.300,0,0,11,2,/boxes/SLN/SLN201506300.shtml
38,10,0,7,.605,0,0,10,4,36,8,5,8,.333,0,0,10,5,/boxes/MIL/MIL201504080.shtml
29,2,3,6,.138,0,0,8,5,28,7,4,6,.571,0,1,9,1,/boxes/CIN/CIN201505130.shtml
28,3,4,5,.143,1,0,8,5,31,9,0,4,.548,0,0,9,1,/boxes/ATL/ATL201504110.shtml
39,13,5,6,.487,0,1,9,5,34,8,5,6,.324,0,0,9,8,/boxes/COL/COL201506240.shtml
37,8,2,7,.459,2,0,10,5,34,11,6,9,.559,0,1,10,6,/boxes/ANA/ANA201506030.shtml
30,4,5,11,.333,1,0,8,4,33,10,2,13,.424,0,0,9,3,/boxes/COL/COL201506090.shtml
32,7,3,2,.281,1,1,8,8,33,11,5,6,.606,1,0,9,1,/boxes/TEX/TEX201504140.shtml
32,9,6,8,.406,0,1,9,3,34,7,0,8,.382,0,0,9,4,/boxes/ATL/ATL201504120.shtml
33,5,1,9,.182,0,0,8,5,34,13,3,6,.500,0,1,9,1,/boxes/TBA/TBA201504260.shtml
31,6,1,13,.226,0,0,8,3,36,14,1,7,.500,0,0,9,1,/boxes/WAS/WAS201506190.shtml
33,7,1,7,.364,0,0,8,4,32,8,4,11,.313,1,0,9,2,/boxes/SDN/SDN201505020.shtml
32,6,0,6,.281,0,0,8,5,31,9,2,5,.484,0,1,9,4,/boxes/ATL/ATL201506060.shtml
35,9,0,5,.371,0,0,8,3,31,6,1,4,.355,1,0,9,3,/boxes/NYN/NYN201505310.shtml
33,11,3,5,.545,0,1,9,4,35,8,5,12,.286,0,0,9,6,/boxes/BOS/BOS201506230.shtml
39,13,2,9,.410,1,0,9,2,30,4,5,7,.300,0,0,9,4,/boxes/CLE/CLE201504270.shtml
37,11,2,5,.541,1,0,9,5,37,11,4,7,.514,0,1,9,8,/boxes/TEX/TEX201506230.shtml
32,8,1,10,.344,0,0,8,5,32,10,5,7,.438,1,1,9,2,/boxes/TOR/TOR201506060.shtml
32,6,3,9,.281,0,0,8,7,34,11,8,2,.529,0,0,9,3,/boxes/CLE/CLE201505220.shtml
33,7,3,7,.242,0,1,8,4,28,7,4,7,.321,2,1,9,2,/boxes/NYA/NYA201504080.shtml
34,10,0,10,.471,0,1,8,7,37,14,2,5,.568,2,0,9,5,/boxes/KCA/KCA201504080.shtml
31,5,0,7,.226,0,0,8,5,34,10,4,7,.529,1,0,9,1,/boxes/ARI/ARI201507020.shtml
34,7,5,6,.294,0,0,8.2,3,36,10,4,5,.500,0,0,9,2,/boxes/SLN/SLN201505270.shtml
33,7,2,7,.273,0,0,8,2,31,10,4,4,.548,0,0,9,1,/boxes/SLN/SLN201505170.shtml
37,10,1,6,.324,0,0,8,4,30,7,3,6,.333,1,0,9,3,/boxes/PHI/PHI201505150.shtml
35,12,3,4,.543,0,0,8,13,36,16,3,6,.806,0,3,9,6,/boxes/ARI/ARI201505120.shtml
39,13,0,9,.513,1,0,9,2,31,5,4,9,.323,0,0,9,4,/boxes/MIL/MIL201504120.shtml
37,9,9,9,.297,0,0,8,8,37,14,2,3,.730,0,1,9,7,/boxes/NYA/NYA201506050.shtml
32,6,4,11,.438,0,0,8,8,38,16,1,8,.579,0,0,9,4,/boxes/MIL/MIL201506120.shtml
28,3,3,6,.107,0,0,8,2,29,11,2,4,.517,0,0,9,0,/boxes/PIT/PIT201506100.shtml
30,4,0,4,.333,0,0,8,6,34,12,2,3,.588,0,0,9,2,/boxes/MIN/MIN201506190.shtml
32,6,1,11,.219,0,0,8,2,33,10,5,4,.455,0,0,9,0,/boxes/SLN/SLN201505290.shtml
41,16,2,5,.585,0,0,9,4,39,13,2,7,.462,0,0,9,7,/boxes/CLE/CLE201505090.shtml
32,5,2,6,.313,0,0,8,4,31,7,5,8,.419,1,0,9,3,/boxes/ANA/ANA201506220.shtml
43,17,4,13,.791,2,1,9,3,34,6,2,10,.353,0,0,9,13,/boxes/SDN/SDN201504280.shtml
32,6,1,7,.344,0,0,8,6,37,13,2,7,.568,0,0,9,1,/boxes/NYA/NYA201506090.shtml
40,14,2,4,.525,0,0,9,0,32,5,2,7,.219,1,0,9,5,/boxes/ARI/ARI201504080.shtml
42,16,1,6,.667,0,0,9,0,33,8,0,9,.242,1,0,9,9,/boxes/MIL/MIL201504060.shtml
33,6,0,4,.182,0,0,9,0,34,8,3,11,.235,0,0,9,1,/boxes/SLN/SLN201506010.shtml
34,5,2,7,.265,0,0,9.2,3,32,7,5,9,.250,1,0,10,2,/boxes/ANA/ANA201506280.shtml
37,9,4,8,.378,1,1,10,3,39,9,4,12,.308,0,0,10,4,/boxes/PHI/PHI201504120.shtml
38,14,1,5,.526,1,0,9,3,31,7,3,3,.226,2,1,9,6,/boxes/TEX/TEX201505140.shtml
32,8,6,7,.563,1,2,9,2,36,10,1,8,.306,0,0,9,7,/boxes/TBA/TBA201505240.shtml
36,11,3,7,.611,0,1,9,1,28,1,7,16,.143,0,0,9,5,/boxes/HOU/HOU201504090.shtml
28,2,2,9,.179,0,0,8,2,31,9,3,9,.548,0,0,9,1,/boxes/ANA/ANA201506300.shtml
40,13,7,10,.425,0,0,9,1,32,5,3,7,.188,1,0,9,9,/boxes/SDN/SDN201506150.shtml
36,10,4,10,.472,0,0,9,2,30,4,6,8,.200,0,1,9,5,/boxes/SEA/SEA201506210.shtml
42,9,1,14,.381,0,0,10,5,41,13,3,8,.512,0,0,11,3,/boxes/DET/DET201505210.shtml
31,5,5,7,.258,1,0,8,6,33,9,6,1,.303,0,1,9,1,/boxes/NYN/NYN201504210.shtml
32,7,2,8,.313,0,0,8,5,29,9,4,10,.448,1,1,9,2,/boxes/HOU/HOU201506010.shtml
28,3,3,4,.179,1,0,8,5,32,8,3,8,.500,0,0,9,1,/boxes/SDN/SDN201504140.shtml
36,10,4,7,.361,1,1,9,3,33,6,5,10,.212,0,0,9,5,/boxes/BAL/BAL201506140.shtml
32,9,9,3,.563,1,0,9,3,34,7,4,6,.353,0,1,9,5,/boxes/BOS/BOS201505060.shtml
35,9,3,8,.429,0,0,9,1,35,8,3,7,.400,1,0,9,3,/boxes/TBA/TBA201505250.shtml
39,10,5,9,.462,1,0,10,7,43,16,5,12,.605,0,1,10,8,/boxes/DET/DET201506250.shtml
31,5,4,4,.161,0,0,8,4,35,11,3,6,.457,0,0,9,1,/boxes/OAK/OAK201506200.shtml
34,8,1,7,.324,1,0,8,8,33,10,2,5,.515,0,0,9,1,/boxes/DET/DET201506140.shtml
33,8,3,11,.364,1,0,9,3,35,8,1,7,.343,0,0,9,6,/boxes/OAK/OAK201504290.shtml
38,10,4,4,.368,0,0,8,6,31,10,2,7,.613,0,0,9,3,/boxes/PHI/PHI201506070.shtml
43,9,1,13,.233,0,0,12,1,41,6,2,15,.268,1,0,13,0,/boxes/LAN/LAN201505030.shtml
36,10,6,5,.611,0,1,9,7,35,8,2,9,.400,2,0,9,10,/boxes/BAL/BAL201504120.shtml
36,11,2,8,.556,0,0,9,4,31,6,0,3,.258,0,1,9,6,/boxes/MIN/MIN201505290.shtml
29,6,6,8,.241,0,1,9,3,33,6,2,7,.364,0,0,9,4,/boxes/CHA/CHA201505200.shtml
29,5,3,5,.172,0,1,9,1,30,4,4,14,.133,0,0,9,2,/boxes/LAN/LAN201506050.shtml
35,11,1,6,.457,1,0,8,3,31,7,4,10,.452,0,0,9,5,/boxes/COL/COL201505190.shtml
36,12,4,8,.500,0,0,9,2,34,8,1,9,.294,0,0,9,5,/boxes/PIT/PIT201506240.shtml
32,6,3,4,.406,0,0,8,5,34,13,4,5,.529,0,0,9,3,/boxes/BAL/BAL201505282.shtml
30,4,3,8,.133,0,0,8,4,32,11,4,6,.500,1,1,9,0,/boxes/CHN/CHN201504150.shtml
34,10,1,5,.559,0,0,9,1,33,6,2,7,.394,0,0,9,6,/boxes/CHA/CHA201506070.shtml
34,9,3,8,.324,0,0,8,4,31,9,2,7,.419,1,0,9,0,/boxes/SFN/SFN201505210.shtml
38,11,2,7,.474,3,0,9,2,35,8,1,8,.286,0,0,9,7,/boxes/MIL/MIL201506130.shtml
40,8,5,10,.300,0,0,10,3,35,6,4,10,.257,1,0,11,2,/boxes/MIN/MIN201504170.shtml
41,11,3,13,.488,0,0,10,4,34,10,5,6,.412,0,1,10,6,/boxes/ARI/ARI201506300.shtml
33,7,1,4,.455,0,0,8.1,5,32,11,4,8,.656,0,0,9,4,/boxes/COL/COL201504220.shtml
31,6,2,11,.323,1,0,8.1,2,31,6,2,9,.323,0,0,9,2,/boxes/CIN/CIN201504090.shtml
35,8,3,9,.429,0,0,9,0,30,5,2,10,.200,0,0,9,3,/boxes/MIL/MIL201504240.shtml
36,9,6,5,.389,0,0,9,2,31,5,1,6,.226,0,0,9,4,/boxes/TEX/TEX201504290.shtml
30,3,3,5,.133,0,1,8.1,2,31,6,4,10,.226,1,0,9,1,/boxes/TBA/TBA201504230.shtml
31,6,3,5,.258,0,1,8,3,31,9,0,5,.323,0,0,9,2,/boxes/MIA/MIA201504240.shtml
47,10,5,10,.340,0,0,13,3,46,10,4,8,.326,1,0,13,4,/boxes/PIT/PIT201505200.shtml
28,5,8,6,.321,0,0,8,4,32,9,3,9,.500,0,0,9,2,/boxes/TOR/TOR201504220.shtml
43,17,1,6,.605,0,0,9,5,37,10,3,6,.432,0,0,9,9,/boxes/PHI/PHI201507010.shtml
36,8,4,18,.250,0,0,8,5,33,12,5,6,.515,1,0,9,4,/boxes/LAN/LAN201505150.shtml
33,6,1,7,.242,0,0,8,1,29,6,1,4,.345,0,0,9,1,/boxes/LAN/LAN201505220.shtml
35,8,1,10,.343,0,0,8,4,33,10,1,5,.545,1,0,9,4,/boxes/CHA/CHA201504110.shtml
32,5,4,10,.344,0,0,8,4,33,11,6,8,.515,0,0,9,2,/boxes/BOS/BOS201506060.shtml
38,13,3,5,.579,1,0,9,2,35,9,1,3,.400,0,1,9,5,/boxes/DET/DET201505090.shtml
35,8,6,5,.514,1,0,9,6,40,14,5,10,.450,0,0,9,9,/boxes/ARI/ARI201505130.shtml
31,4,0,11,.129,0,0,8,3,29,8,4,10,.483,0,1,9,0,/boxes/HOU/HOU201505300.shtml
35,10,0,12,.429,1,1,8,9,38,15,6,8,.658,0,1,9,4,/boxes/NYA/NYA201506180.shtml
24,4,3,7,.333,0,0,6,2,22,5,6,3,.273,2,1,7,1,/boxes/BOS/BOS201504200.shtml
41,16,1,8,.707,0,0,9,2,34,7,5,5,.353,1,0,9,11,/boxes/CIN/CIN201505160.shtml
34,11,3,8,.441,0,1,9,1,31,5,4,13,.226,0,0,9,3,/boxes/SDN/SDN201505160.shtml
37,9,4,10,.486,0,1,9,6,35,13,3,0,.657,0,0,10,5,/boxes/TOR/TOR201504180.shtml
33,7,1,12,.606,2,0,8,6,35,12,5,7,.543,2,0,9,5,/boxes/NYN/NYN201504140.shtml
42,15,7,9,.714,0,0,9,4,35,9,2,6,.514,0,0,9,10,/boxes/NYA/NYA201506210.shtml
36,10,9,9,.389,1,0,9,0,28,3,2,7,.179,0,0,9,5,/boxes/CHA/CHA201504100.shtml
31,6,4,8,.258,0,0,8,2,28,7,7,8,.357,0,0,9,2,/boxes/ATL/ATL201504130.shtml
34,8,3,9,.324,0,1,10,3,36,7,1,19,.222,0,0,10,5,/boxes/TBA/TBA201507020.shtml
34,7,2,6,.265,0,0,8,12,39,16,3,7,.564,1,0,9,2,/boxes/MIA/MIA201506160.shtml
30,3,4,10,.100,0,0,8,3,31,6,2,7,.290,0,1,9,0,/boxes/PHI/PHI201504080.shtml
27,2,6,7,.111,0,0,8,8,33,10,4,2,.545,1,0,9,2,/boxes/CIN/CIN201505310.shtml
35,9,3,9,.343,0,0,8,6,34,12,4,5,.471,0,1,9,3,/boxes/WAS/WAS201505040.shtml
36,10,4,6,.389,0,0,9,5,35,9,1,6,.371,0,0,9,5,/boxes/DET/DET201506040.shtml
36,8,3,13,.361,2,0,9,3,34,7,2,8,.353,0,0,9,8,/boxes/ARI/ARI201505230.shtml
40,14,1,5,.525,0,0,9,4,35,9,1,7,.429,1,1,9,7,/boxes/PHI/PHI201505100.shtml
34,8,2,5,.412,0,0,8,9,36,12,2,9,.556,0,0,9,2,/boxes/WAS/WAS201506210.shtml
36,10,4,9,.472,0,1,9,2,33,6,2,9,.273,0,1,9,7,/boxes/WAS/WAS201506022.shtml
39,14,3,5,.667,0,0,9,5,35,11,2,10,.457,1,0,9,8,/boxes/NYN/NYN201506100.shtml
29,5,1,6,.276,0,0,8,3,28,5,2,8,.464,0,0,9,1,/boxes/SDN/SDN201504260.shtml
37,10,2,9,.541,0,0,8,5,30,9,3,3,.567,0,0,9,4,/boxes/ANA/ANA201506120.shtml
32,8,3,12,.375,0,0,8,4,34,10,2,7,.500,0,0,9,4,/boxes/PIT/PIT201504230.shtml
33,6,5,8,.182,0,0,9,2,30,7,1,8,.400,1,0,9,3,/boxes/ANA/ANA201505070.shtml
35,9,2,6,.371,3,0,9,2,33,7,2,9,.364,0,0,9,4,/boxes/ANA/ANA201504100.shtml
36,10,3,9,.278,1,0,9,3,34,7,3,12,.294,0,0,9,3,/boxes/WAS/WAS201504090.shtml
37,11,3,7,.703,0,0,9,3,34,9,2,6,.500,0,0,9,4,/boxes/TEX/TEX201506140.shtml
36,11,3,10,.417,0,1,9,4,37,11,3,2,.541,0,0,9,3,/boxes/CIN/CIN201505250.shtml
34,8,5,8,.382,2,1,8.1,7,37,12,2,4,.595,1,0,9,4,/boxes/TOR/TOR201506070.shtml
33,8,5,11,.303,1,1,9,0,30,8,3,7,.300,0,0,9,2,/boxes/SFN/SFN201506140.shtml
45,9,1,12,.267,0,0,13,2,41,6,3,10,.244,0,0,13,3,/boxes/MIA/MIA201505180.shtml
34,6,1,6,.353,0,0,8,3,35,8,7,8,.371,0,0,9,2,/boxes/CLE/CLE201505240.shtml
33,6,5,15,.394,0,0,8,6,32,8,4,13,.563,0,0,9,5,/boxes/HOU/HOU201505160.shtml
33,8,1,7,.242,0,0,8,3,29,8,1,4,.379,0,1,9,0,/boxes/OAK/OAK201505310.shtml
41,17,6,11,.634,0,1,9,8,38,13,7,6,.526,0,1,9,10,/boxes/BOS/BOS201504280.shtml
33,8,6,5,.455,0,0,9,4,34,9,1,12,.441,0,0,9,6,/boxes/SDN/SDN201506160.shtml
31,4,3,8,.161,0,0,8,1,24,2,1,11,.167,1,1,9,0,/boxes/CHN/CHN201504080.shtml
38,12,7,7,.632,2,1,9,5,36,11,2,4,.417,1,0,9,10,/boxes/BOS/BOS201505220.shtml
35,8,2,9,.343,0,0,8,6,35,10,2,6,.457,0,0,9,1,/boxes/MIL/MIL201506110.shtml
33,6,1,7,.455,0,0,8,4,29,5,4,7,.276,0,1,9,3,/boxes/SEA/SEA201505100.shtml
31,5,2,7,.161,0,0,8,6,29,8,4,1,.483,0,1,9,1,/boxes/KCA/KCA201504200.shtml
32,5,2,8,.281,0,0,8.1,3,26,4,7,5,.269,1,0,9,2,/boxes/BOS/BOS201504170.shtml
37,10,5,13,.595,0,0,9,4,37,10,0,7,.324,0,0,9,7,/boxes/SDN/SDN201504270.shtml
33,8,3,6,.485,1,0,9,1,34,8,1,7,.324,0,0,9,7,/boxes/PHI/PHI201505120.shtml
39,10,7,10,.410,0,0,9,5,34,8,2,7,.441,0,1,9,5,/boxes/SEA/SEA201504250.shtml
37,9,3,13,.459,0,0,9,0,33,7,1,14,.273,1,0,9,2,/boxes/CHN/CHN201505270.shtml
39,11,1,13,.615,0,0,9,4,38,12,0,3,.342,1,0,9,7,/boxes/PIT/PIT201505080.shtml
33,6,3,10,.212,1,0,8.2,2,31,7,5,12,.387,0,0,9,2,/boxes/SDN/SDN201505290.shtml
35,11,4,7,.571,0,1,9,0,29,4,4,3,.172,0,0,9,6,/boxes/ANA/ANA201506150.shtml
32,8,4,6,.313,1,0,8,4,30,6,2,6,.467,0,0,9,1,/boxes/ANA/ANA201506290.shtml
37,14,0,3,.541,0,1,8,6,26,8,4,2,.538,1,0,9,3,/boxes/MIA/MIA201507010.shtml
34,9,3,7,.382,2,0,9,3,35,10,2,11,.429,0,0,9,4,/boxes/MIA/MIA201506230.shtml
33,8,3,6,.273,0,1,8,4,28,5,6,7,.321,0,0,9,2,/boxes/ATL/ATL201505010.shtml
38,11,2,4,.526,1,0,9,5,33,10,4,10,.515,0,1,9,4,/boxes/BAL/BAL201504240.shtml
30,6,3,7,.400,0,0,8,4,32,8,5,3,.313,1,0,9,2,/boxes/NYN/NYN201506280.shtml
33,11,4,8,.364,0,0,9,0,28,2,1,3,.071,2,0,9,1,/boxes/SFN/SFN201506120.shtml
36,10,2,5,.389,0,0,8,7,32,9,10,4,.406,0,0,9,6,/boxes/ARI/ARI201506020.shtml
32,6,2,6,.313,0,0,8,5,35,10,3,8,.486,0,0,9,2,/boxes/OAK/OAK201505290.shtml
37,11,3,9,.324,0,1,9,1,29,4,1,2,.172,1,0,9,6,/boxes/MIA/MIA201505200.shtml
31,8,2,9,.387,0,1,8,8,34,10,6,7,.529,0,0,9,2,/boxes/TOR/TOR201505240.shtml
33,8,2,7,.424,0,1,8,9,32,12,7,3,.563,0,0,9,3,/boxes/SLN/SLN201504300.shtml
30,8,5,6,.333,0,1,9,2,30,5,4,11,.200,1,0,9,4,/boxes/TOR/TOR201504190.shtml
37,14,7,5,.486,0,0,9,2,30,5,5,10,.233,0,0,9,12,/boxes/MIA/MIA201504070.shtml
32,8,4,6,.281,3,1,8.1,5,36,10,2,10,.306,0,0,9,4,/boxes/OAK/OAK201506100.shtml
38,12,1,6,.500,0,0,9,2,36,11,3,8,.361,0,0,9,5,/boxes/WAS/WAS201506180.shtml
33,6,3,9,.273,0,1,8,4,31,8,1,12,.452,0,0,9,1,/boxes/SLN/SLN201506280.shtml
36,10,2,4,.444,0,1,9,1,27,1,2,13,.037,1,0,9,7,/boxes/TBA/TBA201507010.shtml
35,8,4,8,.457,1,0,8,7,33,12,3,10,.576,1,0,9,5,/boxes/TBA/TBA201504220.shtml
31,7,2,7,.323,2,1,9,0,33,8,4,7,.242,1,0,9,4,/boxes/HOU/HOU201504140.shtml
35,6,1,15,.514,0,0,9.2,6,37,9,4,7,.405,0,1,10,5,/boxes/LAN/LAN201504130.shtml
36,10,4,2,.361,0,0,9,0,30,5,4,8,.167,0,0,9,7,/boxes/SEA/SEA201506180.shtml
34,9,4,6,.382,0,0,9,0,27,1,4,5,.111,0,0,9,2,/boxes/MIN/MIN201506090.shtml
40,11,3,11,.325,1,0,10,1,32,7,5,8,.313,0,0,10,2,/boxes/MIN/MIN201506200.shtml
38,12,2,5,.658,2,1,9,1,31,6,3,6,.226,0,0,9,9,/boxes/OAK/OAK201504090.shtml
32,6,1,6,.188,0,0,8,2,31,7,3,8,.419,0,0,9,1,/boxes/WAS/WAS201504080.shtml
